image,flight,role,run_len,run_start,run_end
S1_futsal_C3clean_20260725_083013_f000861.jpg,S1_futsal_C3clean_20260725_083013,C2_natural_occ,72,S1_futsal_C3clean_20260725_083013_f000861.jpg,S1_futsal_C3clean_20260725_083013_f001365.jpg
S1_futsal_C3clean_20260725_083013_f000868.jpg,S1_futsal_C3clean_20260725_083013,C2_natural_occ,72,S1_futsal_C3clean_20260725_083013_f000861.jpg,S1_futsal_C3clean_20260725_083013_f001365.jpg
S1_futsal_C3clean_20260725_083013_f000875.jpg,S1_futsal_C3clean_20260725_083013,C2_natural_occ,72,S1_futsal_C3clean_20260725_083013_f000861.jpg,S1_futsal_C3clean_20260725_083013_f001365.jpg
S1_futsal_C3clean_20260725_083013_f000882.jpg,S1_futsal_C3clean_20260725_083013,C2_natural_occ,72,S1_futsal_C3clean_20260725_083013_f000861.jpg,S1_futsal_C3clean_20260725_083013_f001365.jpg
S1_futsal_C3clean_20260725_083013_f000889.jpg,S1_futsal_C3clean_20260725_083013,C2_natural_occ,72,S1_futsal_C3clean_20260725_083013_f000861.jpg,S1_futsal_C3clean_20260725_083013_f001365.jpg
S1_futsal_C3clean_20260725_083013_f000896.jpg,S1_futsal_C3clean_20260725_083013,C2_natural_occ,72,S1_futsal_C3clean_20260725_083013_f000861.jpg,S1_futsal_C3clean_20260725_083013_f001365.jpg
S1_futsal_C3clean_20260725_083013_f000903.jpg,S1_futsal_C3clean_20260725_083013,C2_natural_occ,72,S1_futsal_C3clean_20260725_083013_f000861.jpg,S1_futsal_C3clean_20260725_083013_f001365.jpg
S1_futsal_C3clean_20260725_083013_f000910.jpg,S1_futsal_C3clean_20260725_083013,C2_natural_occ,72,S1_futsal_C3clean_20260725_083013_f000861.jpg,S1_futsal_C3clean_20260725_083013_f001365.jpg
S1_futsal_C3clean_20260725_083013_f000917.jpg,S1_futsal_C3clean_20260725_083013,C2_natural_occ,72,S1_futsal_C3clean_20260725_083013_f000861.jpg,S1_futsal_C3clean_20260725_083013_f001365.jpg
S1_futsal_C3clean_20260725_083013_f000924.jpg,S1_futsal_C3clean_20260725_083013,C2_natural_occ,72,S1_futsal_C3clean_20260725_083013_f000861.jpg,S1_futsal_C3clean_20260725_083013_f001365.jpg
S1_futsal_C3clean_20260725_083013_f000931.jpg,S1_futsal_C3clean_20260725_083013,C2_natural_occ,72,S1_futsal_C3clean_20260725_083013_f000861.jpg,S1_futsal_C3clean_20260725_083013_f001365.jpg
S1_futsal_C3clean_20260725_083013_f000938.jpg,S1_futsal_C3clean_20260725_083013,C2_natural_occ,72,S1_futsal_C3clean_20260725_083013_f000861.jpg,S1_futsal_C3clean_20260725_083013_f001365.jpg
S1_futsal_C3clean_20260725_083013_f000945.jpg,S1_futsal_C3clean_20260725_083013,C2_natural_occ,72,S1_futsal_C3clean_20260725_083013_f000861.jpg,S1_futsal_C3clean_20260725_083013_f001365.jpg
S1_futsal_C3clean_20260725_083013_f000952.jpg,S1_futsal_C3clean_20260725_083013,C2_natural_occ,72,S1_futsal_C3clean_20260725_083013_f000861.jpg,S1_futsal_C3clean_20260725_083013_f001365.jpg
S1_futsal_C3clean_20260725_083013_f000959.jpg,S1_futsal_C3clean_20260725_083013,C2_natural_occ,72,S1_futsal_C3clean_20260725_083013_f000861.jpg,S1_futsal_C3clean_20260725_083013_f001365.jpg
S1_futsal_C3clean_20260725_083013_f000966.jpg,S1_futsal_C3clean_20260725_083013,C2_natural_occ,72,S1_futsal_C3clean_20260725_083013_f000861.jpg,S1_futsal_C3clean_20260725_083013_f001365.jpg
S1_futsal_C3clean_20260725_083013_f000973.jpg,S1_futsal_C3clean_20260725_083013,C2_natural_occ,72,S1_futsal_C3clean_20260725_083013_f000861.jpg,S1_futsal_C3clean_20260725_083013_f001365.jpg
S1_futsal_C3clean_20260725_083013_f000980.jpg,S1_futsal_C3clean_20260725_083013,C2_natural_occ,72,S1_futsal_C3clean_20260725_083013_f000861.jpg,S1_futsal_C3clean_20260725_083013_f001365.jpg
S1_futsal_C3clean_20260725_083013_f000987.jpg,S1_futsal_C3clean_20260725_083013,C2_natural_occ,72,S1_futsal_C3clean_20260725_083013_f000861.jpg,S1_futsal_C3clean_20260725_083013_f001365.jpg
S1_futsal_C3clean_20260725_083013_f000994.jpg,S1_futsal_C3clean_20260725_083013,C2_natural_occ,72,S1_futsal_C3clean_20260725_083013_f000861.jpg,S1_futsal_C3clean_20260725_083013_f001365.jpg
S1_futsal_C3clean_20260725_083013_f001001.jpg,S1_futsal_C3clean_20260725_083013,C2_natural_occ,72,S1_futsal_C3clean_20260725_083013_f000861.jpg,S1_futsal_C3clean_20260725_083013_f001365.jpg
S1_futsal_C3clean_20260725_083013_f001008.jpg,S1_futsal_C3clean_20260725_083013,C2_natural_occ,72,S1_futsal_C3clean_20260725_083013_f000861.jpg,S1_futsal_C3clean_20260725_083013_f001365.jpg
S1_futsal_C3clean_20260725_083013_f001015.jpg,S1_futsal_C3clean_20260725_083013,C2_natural_occ,72,S1_futsal_C3clean_20260725_083013_f000861.jpg,S1_futsal_C3clean_20260725_083013_f001365.jpg
S1_futsal_C3clean_20260725_083013_f001022.jpg,S1_futsal_C3clean_20260725_083013,C2_natural_occ,72,S1_futsal_C3clean_20260725_083013_f000861.jpg,S1_futsal_C3clean_20260725_083013_f001365.jpg
S1_futsal_C3clean_20260725_083013_f001029.jpg,S1_futsal_C3clean_20260725_083013,C2_natural_occ,72,S1_futsal_C3clean_20260725_083013_f000861.jpg,S1_futsal_C3clean_20260725_083013_f001365.jpg
S1_futsal_C3clean_20260725_083013_f001036.jpg,S1_futsal_C3clean_20260725_083013,C2_natural_occ,72,S1_futsal_C3clean_20260725_083013_f000861.jpg,S1_futsal_C3clean_20260725_083013_f001365.jpg
S1_futsal_C3clean_20260725_083013_f001043.jpg,S1_futsal_C3clean_20260725_083013,C2_natural_occ,72,S1_futsal_C3clean_20260725_083013_f000861.jpg,S1_futsal_C3clean_20260725_083013_f001365.jpg
S1_futsal_C3clean_20260725_083013_f001050.jpg,S1_futsal_C3clean_20260725_083013,C2_natural_occ,72,S1_futsal_C3clean_20260725_083013_f000861.jpg,S1_futsal_C3clean_20260725_083013_f001365.jpg
S1_futsal_C3clean_20260725_083013_f001057.jpg,S1_futsal_C3clean_20260725_083013,C2_natural_occ,72,S1_futsal_C3clean_20260725_083013_f000861.jpg,S1_futsal_C3clean_20260725_083013_f001365.jpg
S1_futsal_C3clean_20260725_083013_f001064.jpg,S1_futsal_C3clean_20260725_083013,C2_natural_occ,72,S1_futsal_C3clean_20260725_083013_f000861.jpg,S1_futsal_C3clean_20260725_083013_f001365.jpg
S1_futsal_C3clean_20260725_083013_f001071.jpg,S1_futsal_C3clean_20260725_083013,C2_natural_occ,72,S1_futsal_C3clean_20260725_083013_f000861.jpg,S1_futsal_C3clean_20260725_083013_f001365.jpg
S1_futsal_C3clean_20260725_083013_f001078.jpg,S1_futsal_C3clean_20260725_083013,C2_natural_occ,72,S1_futsal_C3clean_20260725_083013_f000861.jpg,S1_futsal_C3clean_20260725_083013_f001365.jpg
S1_futsal_C3clean_20260725_083013_f001092.jpg,S1_futsal_C3clean_20260725_083013,C2_natural_occ,72,S1_futsal_C3clean_20260725_083013_f000861.jpg,S1_futsal_C3clean_20260725_083013_f001365.jpg
S1_futsal_C3clean_20260725_083013_f001099.jpg,S1_futsal_C3clean_20260725_083013,C2_natural_occ,72,S1_futsal_C3clean_20260725_083013_f000861.jpg,S1_futsal_C3clean_20260725_083013_f001365.jpg
S1_futsal_C3clean_20260725_083013_f001106.jpg,S1_futsal_C3clean_20260725_083013,C2_natural_occ,72,S1_futsal_C3clean_20260725_083013_f000861.jpg,S1_futsal_C3clean_20260725_083013_f001365.jpg
S1_futsal_C3clean_20260725_083013_f001113.jpg,S1_futsal_C3clean_20260725_083013,C2_natural_occ,72,S1_futsal_C3clean_20260725_083013_f000861.jpg,S1_futsal_C3clean_20260725_083013_f001365.jpg
S1_futsal_C3clean_20260725_083013_f001120.jpg,S1_futsal_C3clean_20260725_083013,C2_natural_occ,72,S1_futsal_C3clean_20260725_083013_f000861.jpg,S1_futsal_C3clean_20260725_083013_f001365.jpg
S1_futsal_C3clean_20260725_083013_f001127.jpg,S1_futsal_C3clean_20260725_083013,C2_natural_occ,72,S1_futsal_C3clean_20260725_083013_f000861.jpg,S1_futsal_C3clean_20260725_083013_f001365.jpg
S1_futsal_C3clean_20260725_083013_f001134.jpg,S1_futsal_C3clean_20260725_083013,C2_natural_occ,72,S1_futsal_C3clean_20260725_083013_f000861.jpg,S1_futsal_C3clean_20260725_083013_f001365.jpg
S1_futsal_C3clean_20260725_083013_f001141.jpg,S1_futsal_C3clean_20260725_083013,C2_natural_occ,72,S1_futsal_C3clean_20260725_083013_f000861.jpg,S1_futsal_C3clean_20260725_083013_f001365.jpg
S1_futsal_C3clean_20260725_083013_f001148.jpg,S1_futsal_C3clean_20260725_083013,C2_natural_occ,72,S1_futsal_C3clean_20260725_083013_f000861.jpg,S1_futsal_C3clean_20260725_083013_f001365.jpg
S1_futsal_C3clean_20260725_083013_f001155.jpg,S1_futsal_C3clean_20260725_083013,C2_natural_occ,72,S1_futsal_C3clean_20260725_083013_f000861.jpg,S1_futsal_C3clean_20260725_083013_f001365.jpg
S1_futsal_C3clean_20260725_083013_f001162.jpg,S1_futsal_C3clean_20260725_083013,C2_natural_occ,72,S1_futsal_C3clean_20260725_083013_f000861.jpg,S1_futsal_C3clean_20260725_083013_f001365.jpg
S1_futsal_C3clean_20260725_083013_f001169.jpg,S1_futsal_C3clean_20260725_083013,C2_natural_occ,72,S1_futsal_C3clean_20260725_083013_f000861.jpg,S1_futsal_C3clean_20260725_083013_f001365.jpg
S1_futsal_C3clean_20260725_083013_f001176.jpg,S1_futsal_C3clean_20260725_083013,C2_natural_occ,72,S1_futsal_C3clean_20260725_083013_f000861.jpg,S1_futsal_C3clean_20260725_083013_f001365.jpg
S1_futsal_C3clean_20260725_083013_f001183.jpg,S1_futsal_C3clean_20260725_083013,C2_natural_occ,72,S1_futsal_C3clean_20260725_083013_f000861.jpg,S1_futsal_C3clean_20260725_083013_f001365.jpg
S1_futsal_C3clean_20260725_083013_f001190.jpg,S1_futsal_C3clean_20260725_083013,C2_natural_occ,72,S1_futsal_C3clean_20260725_083013_f000861.jpg,S1_futsal_C3clean_20260725_083013_f001365.jpg
S1_futsal_C3clean_20260725_083013_f001197.jpg,S1_futsal_C3clean_20260725_083013,C2_natural_occ,72,S1_futsal_C3clean_20260725_083013_f000861.jpg,S1_futsal_C3clean_20260725_083013_f001365.jpg
S1_futsal_C3clean_20260725_083013_f001204.jpg,S1_futsal_C3clean_20260725_083013,C2_natural_occ,72,S1_futsal_C3clean_20260725_083013_f000861.jpg,S1_futsal_C3clean_20260725_083013_f001365.jpg
S1_futsal_C3clean_20260725_083013_f001211.jpg,S1_futsal_C3clean_20260725_083013,C2_natural_occ,72,S1_futsal_C3clean_20260725_083013_f000861.jpg,S1_futsal_C3clean_20260725_083013_f001365.jpg
S1_futsal_C3clean_20260725_083013_f001218.jpg,S1_futsal_C3clean_20260725_083013,C2_natural_occ,72,S1_futsal_C3clean_20260725_083013_f000861.jpg,S1_futsal_C3clean_20260725_083013_f001365.jpg
S1_futsal_C3clean_20260725_083013_f001225.jpg,S1_futsal_C3clean_20260725_083013,C2_natural_occ,72,S1_futsal_C3clean_20260725_083013_f000861.jpg,S1_futsal_C3clean_20260725_083013_f001365.jpg
S1_futsal_C3clean_20260725_083013_f001232.jpg,S1_futsal_C3clean_20260725_083013,C2_natural_occ,72,S1_futsal_C3clean_20260725_083013_f000861.jpg,S1_futsal_C3clean_20260725_083013_f001365.jpg
S1_futsal_C3clean_20260725_083013_f001239.jpg,S1_futsal_C3clean_20260725_083013,C2_natural_occ,72,S1_futsal_C3clean_20260725_083013_f000861.jpg,S1_futsal_C3clean_20260725_083013_f001365.jpg
S1_futsal_C3clean_20260725_083013_f001246.jpg,S1_futsal_C3clean_20260725_083013,C2_natural_occ,72,S1_futsal_C3clean_20260725_083013_f000861.jpg,S1_futsal_C3clean_20260725_083013_f001365.jpg
S1_futsal_C3clean_20260725_083013_f001253.jpg,S1_futsal_C3clean_20260725_083013,C2_natural_occ,72,S1_futsal_C3clean_20260725_083013_f000861.jpg,S1_futsal_C3clean_20260725_083013_f001365.jpg
S1_futsal_C3clean_20260725_083013_f001260.jpg,S1_futsal_C3clean_20260725_083013,C2_natural_occ,72,S1_futsal_C3clean_20260725_083013_f000861.jpg,S1_futsal_C3clean_20260725_083013_f001365.jpg
S1_futsal_C3clean_20260725_083013_f001267.jpg,S1_futsal_C3clean_20260725_083013,C2_natural_occ,72,S1_futsal_C3clean_20260725_083013_f000861.jpg,S1_futsal_C3clean_20260725_083013_f001365.jpg
S1_futsal_C3clean_20260725_083013_f001274.jpg,S1_futsal_C3clean_20260725_083013,C2_natural_occ,72,S1_futsal_C3clean_20260725_083013_f000861.jpg,S1_futsal_C3clean_20260725_083013_f001365.jpg
S1_futsal_C3clean_20260725_083013_f001281.jpg,S1_futsal_C3clean_20260725_083013,C2_natural_occ,72,S1_futsal_C3clean_20260725_083013_f000861.jpg,S1_futsal_C3clean_20260725_083013_f001365.jpg
S1_futsal_C3clean_20260725_083013_f001288.jpg,S1_futsal_C3clean_20260725_083013,C2_natural_occ,72,S1_futsal_C3clean_20260725_083013_f000861.jpg,S1_futsal_C3clean_20260725_083013_f001365.jpg
S1_futsal_C3clean_20260725_083013_f001295.jpg,S1_futsal_C3clean_20260725_083013,C2_natural_occ,72,S1_futsal_C3clean_20260725_083013_f000861.jpg,S1_futsal_C3clean_20260725_083013_f001365.jpg
S1_futsal_C3clean_20260725_083013_f001302.jpg,S1_futsal_C3clean_20260725_083013,C2_natural_occ,72,S1_futsal_C3clean_20260725_083013_f000861.jpg,S1_futsal_C3clean_20260725_083013_f001365.jpg
S1_futsal_C3clean_20260725_083013_f001309.jpg,S1_futsal_C3clean_20260725_083013,C2_natural_occ,72,S1_futsal_C3clean_20260725_083013_f000861.jpg,S1_futsal_C3clean_20260725_083013_f001365.jpg
S1_futsal_C3clean_20260725_083013_f001316.jpg,S1_futsal_C3clean_20260725_083013,C2_natural_occ,72,S1_futsal_C3clean_20260725_083013_f000861.jpg,S1_futsal_C3clean_20260725_083013_f001365.jpg
S1_futsal_C3clean_20260725_083013_f001323.jpg,S1_futsal_C3clean_20260725_083013,C2_natural_occ,72,S1_futsal_C3clean_20260725_083013_f000861.jpg,S1_futsal_C3clean_20260725_083013_f001365.jpg
S1_futsal_C3clean_20260725_083013_f001330.jpg,S1_futsal_C3clean_20260725_083013,C2_natural_occ,72,S1_futsal_C3clean_20260725_083013_f000861.jpg,S1_futsal_C3clean_20260725_083013_f001365.jpg
S1_futsal_C3clean_20260725_083013_f001337.jpg,S1_futsal_C3clean_20260725_083013,C2_natural_occ,72,S1_futsal_C3clean_20260725_083013_f000861.jpg,S1_futsal_C3clean_20260725_083013_f001365.jpg
S1_futsal_C3clean_20260725_083013_f001344.jpg,S1_futsal_C3clean_20260725_083013,C2_natural_occ,72,S1_futsal_C3clean_20260725_083013_f000861.jpg,S1_futsal_C3clean_20260725_083013_f001365.jpg
S1_futsal_C3clean_20260725_083013_f001351.jpg,S1_futsal_C3clean_20260725_083013,C2_natural_occ,72,S1_futsal_C3clean_20260725_083013_f000861.jpg,S1_futsal_C3clean_20260725_083013_f001365.jpg
S1_futsal_C3clean_20260725_083013_f001358.jpg,S1_futsal_C3clean_20260725_083013,C2_natural_occ,72,S1_futsal_C3clean_20260725_083013_f000861.jpg,S1_futsal_C3clean_20260725_083013_f001365.jpg
S1_futsal_C3clean_20260725_083013_f001365.jpg,S1_futsal_C3clean_20260725_083013,C2_natural_occ,72,S1_futsal_C3clean_20260725_083013_f000861.jpg,S1_futsal_C3clean_20260725_083013_f001365.jpg
S1_futsal_C3occ_20260727_081515_f002104.jpg,S1_futsal_C3occ_20260727_081515,C3_PAIR_occluded,69,S1_futsal_C3occ_20260727_081515_f002104.jpg,S1_futsal_C3occ_20260727_081515_f002648.jpg
S1_futsal_C3occ_20260727_081515_f002112.jpg,S1_futsal_C3occ_20260727_081515,C3_PAIR_occluded,69,S1_futsal_C3occ_20260727_081515_f002104.jpg,S1_futsal_C3occ_20260727_081515_f002648.jpg
S1_futsal_C3occ_20260727_081515_f002120.jpg,S1_futsal_C3occ_20260727_081515,C3_PAIR_occluded,69,S1_futsal_C3occ_20260727_081515_f002104.jpg,S1_futsal_C3occ_20260727_081515_f002648.jpg
S1_futsal_C3occ_20260727_081515_f002128.jpg,S1_futsal_C3occ_20260727_081515,C3_PAIR_occluded,69,S1_futsal_C3occ_20260727_081515_f002104.jpg,S1_futsal_C3occ_20260727_081515_f002648.jpg
S1_futsal_C3occ_20260727_081515_f002136.jpg,S1_futsal_C3occ_20260727_081515,C3_PAIR_occluded,69,S1_futsal_C3occ_20260727_081515_f002104.jpg,S1_futsal_C3occ_20260727_081515_f002648.jpg
S1_futsal_C3occ_20260727_081515_f002144.jpg,S1_futsal_C3occ_20260727_081515,C3_PAIR_occluded,69,S1_futsal_C3occ_20260727_081515_f002104.jpg,S1_futsal_C3occ_20260727_081515_f002648.jpg
S1_futsal_C3occ_20260727_081515_f002152.jpg,S1_futsal_C3occ_20260727_081515,C3_PAIR_occluded,69,S1_futsal_C3occ_20260727_081515_f002104.jpg,S1_futsal_C3occ_20260727_081515_f002648.jpg
S1_futsal_C3occ_20260727_081515_f002160.jpg,S1_futsal_C3occ_20260727_081515,C3_PAIR_occluded,69,S1_futsal_C3occ_20260727_081515_f002104.jpg,S1_futsal_C3occ_20260727_081515_f002648.jpg
S1_futsal_C3occ_20260727_081515_f002168.jpg,S1_futsal_C3occ_20260727_081515,C3_PAIR_occluded,69,S1_futsal_C3occ_20260727_081515_f002104.jpg,S1_futsal_C3occ_20260727_081515_f002648.jpg
S1_futsal_C3occ_20260727_081515_f002176.jpg,S1_futsal_C3occ_20260727_081515,C3_PAIR_occluded,69,S1_futsal_C3occ_20260727_081515_f002104.jpg,S1_futsal_C3occ_20260727_081515_f002648.jpg
S1_futsal_C3occ_20260727_081515_f002184.jpg,S1_futsal_C3occ_20260727_081515,C3_PAIR_occluded,69,S1_futsal_C3occ_20260727_081515_f002104.jpg,S1_futsal_C3occ_20260727_081515_f002648.jpg
S1_futsal_C3occ_20260727_081515_f002192.jpg,S1_futsal_C3occ_20260727_081515,C3_PAIR_occluded,69,S1_futsal_C3occ_20260727_081515_f002104.jpg,S1_futsal_C3occ_20260727_081515_f002648.jpg
S1_futsal_C3occ_20260727_081515_f002200.jpg,S1_futsal_C3occ_20260727_081515,C3_PAIR_occluded,69,S1_futsal_C3occ_20260727_081515_f002104.jpg,S1_futsal_C3occ_20260727_081515_f002648.jpg
S1_futsal_C3occ_20260727_081515_f002208.jpg,S1_futsal_C3occ_20260727_081515,C3_PAIR_occluded,69,S1_futsal_C3occ_20260727_081515_f002104.jpg,S1_futsal_C3occ_20260727_081515_f002648.jpg
S1_futsal_C3occ_20260727_081515_f002216.jpg,S1_futsal_C3occ_20260727_081515,C3_PAIR_occluded,69,S1_futsal_C3occ_20260727_081515_f002104.jpg,S1_futsal_C3occ_20260727_081515_f002648.jpg
S1_futsal_C3occ_20260727_081515_f002224.jpg,S1_futsal_C3occ_20260727_081515,C3_PAIR_occluded,69,S1_futsal_C3occ_20260727_081515_f002104.jpg,S1_futsal_C3occ_20260727_081515_f002648.jpg
S1_futsal_C3occ_20260727_081515_f002232.jpg,S1_futsal_C3occ_20260727_081515,C3_PAIR_occluded,69,S1_futsal_C3occ_20260727_081515_f002104.jpg,S1_futsal_C3occ_20260727_081515_f002648.jpg
S1_futsal_C3occ_20260727_081515_f002240.jpg,S1_futsal_C3occ_20260727_081515,C3_PAIR_occluded,69,S1_futsal_C3occ_20260727_081515_f002104.jpg,S1_futsal_C3occ_20260727_081515_f002648.jpg
S1_futsal_C3occ_20260727_081515_f002248.jpg,S1_futsal_C3occ_20260727_081515,C3_PAIR_occluded,69,S1_futsal_C3occ_20260727_081515_f002104.jpg,S1_futsal_C3occ_20260727_081515_f002648.jpg
S1_futsal_C3occ_20260727_081515_f002256.jpg,S1_futsal_C3occ_20260727_081515,C3_PAIR_occluded,69,S1_futsal_C3occ_20260727_081515_f002104.jpg,S1_futsal_C3occ_20260727_081515_f002648.jpg
S1_futsal_C3occ_20260727_081515_f002264.jpg,S1_futsal_C3occ_20260727_081515,C3_PAIR_occluded,69,S1_futsal_C3occ_20260727_081515_f002104.jpg,S1_futsal_C3occ_20260727_081515_f002648.jpg
S1_futsal_C3occ_20260727_081515_f002272.jpg,S1_futsal_C3occ_20260727_081515,C3_PAIR_occluded,69,S1_futsal_C3occ_20260727_081515_f002104.jpg,S1_futsal_C3occ_20260727_081515_f002648.jpg
S1_futsal_C3occ_20260727_081515_f002280.jpg,S1_futsal_C3occ_20260727_081515,C3_PAIR_occluded,69,S1_futsal_C3occ_20260727_081515_f002104.jpg,S1_futsal_C3occ_20260727_081515_f002648.jpg
S1_futsal_C3occ_20260727_081515_f002288.jpg,S1_futsal_C3occ_20260727_081515,C3_PAIR_occluded,69,S1_futsal_C3occ_20260727_081515_f002104.jpg,S1_futsal_C3occ_20260727_081515_f002648.jpg
S1_futsal_C3occ_20260727_081515_f002296.jpg,S1_futsal_C3occ_20260727_081515,C3_PAIR_occluded,69,S1_futsal_C3occ_20260727_081515_f002104.jpg,S1_futsal_C3occ_20260727_081515_f002648.jpg
S1_futsal_C3occ_20260727_081515_f002304.jpg,S1_futsal_C3occ_20260727_081515,C3_PAIR_occluded,69,S1_futsal_C3occ_20260727_081515_f002104.jpg,S1_futsal_C3occ_20260727_081515_f002648.jpg
S1_futsal_C3occ_20260727_081515_f002312.jpg,S1_futsal_C3occ_20260727_081515,C3_PAIR_occluded,69,S1_futsal_C3occ_20260727_081515_f002104.jpg,S1_futsal_C3occ_20260727_081515_f002648.jpg
S1_futsal_C3occ_20260727_081515_f002320.jpg,S1_futsal_C3occ_20260727_081515,C3_PAIR_occluded,69,S1_futsal_C3occ_20260727_081515_f002104.jpg,S1_futsal_C3occ_20260727_081515_f002648.jpg
S1_futsal_C3occ_20260727_081515_f002328.jpg,S1_futsal_C3occ_20260727_081515,C3_PAIR_occluded,69,S1_futsal_C3occ_20260727_081515_f002104.jpg,S1_futsal_C3occ_20260727_081515_f002648.jpg
S1_futsal_C3occ_20260727_081515_f002336.jpg,S1_futsal_C3occ_20260727_081515,C3_PAIR_occluded,69,S1_futsal_C3occ_20260727_081515_f002104.jpg,S1_futsal_C3occ_20260727_081515_f002648.jpg
S1_futsal_C3occ_20260727_081515_f002344.jpg,S1_futsal_C3occ_20260727_081515,C3_PAIR_occluded,69,S1_futsal_C3occ_20260727_081515_f002104.jpg,S1_futsal_C3occ_20260727_081515_f002648.jpg
S1_futsal_C3occ_20260727_081515_f002352.jpg,S1_futsal_C3occ_20260727_081515,C3_PAIR_occluded,69,S1_futsal_C3occ_20260727_081515_f002104.jpg,S1_futsal_C3occ_20260727_081515_f002648.jpg
S1_futsal_C3occ_20260727_081515_f002360.jpg,S1_futsal_C3occ_20260727_081515,C3_PAIR_occluded,69,S1_futsal_C3occ_20260727_081515_f002104.jpg,S1_futsal_C3occ_20260727_081515_f002648.jpg
S1_futsal_C3occ_20260727_081515_f002368.jpg,S1_futsal_C3occ_20260727_081515,C3_PAIR_occluded,69,S1_futsal_C3occ_20260727_081515_f002104.jpg,S1_futsal_C3occ_20260727_081515_f002648.jpg
S1_futsal_C3occ_20260727_081515_f002376.jpg,S1_futsal_C3occ_20260727_081515,C3_PAIR_occluded,69,S1_futsal_C3occ_20260727_081515_f002104.jpg,S1_futsal_C3occ_20260727_081515_f002648.jpg
S1_futsal_C3occ_20260727_081515_f002384.jpg,S1_futsal_C3occ_20260727_081515,C3_PAIR_occluded,69,S1_futsal_C3occ_20260727_081515_f002104.jpg,S1_futsal_C3occ_20260727_081515_f002648.jpg
S1_futsal_C3occ_20260727_081515_f002392.jpg,S1_futsal_C3occ_20260727_081515,C3_PAIR_occluded,69,S1_futsal_C3occ_20260727_081515_f002104.jpg,S1_futsal_C3occ_20260727_081515_f002648.jpg
S1_futsal_C3occ_20260727_081515_f002400.jpg,S1_futsal_C3occ_20260727_081515,C3_PAIR_occluded,69,S1_futsal_C3occ_20260727_081515_f002104.jpg,S1_futsal_C3occ_20260727_081515_f002648.jpg
S1_futsal_C3occ_20260727_081515_f002408.jpg,S1_futsal_C3occ_20260727_081515,C3_PAIR_occluded,69,S1_futsal_C3occ_20260727_081515_f002104.jpg,S1_futsal_C3occ_20260727_081515_f002648.jpg
S1_futsal_C3occ_20260727_081515_f002416.jpg,S1_futsal_C3occ_20260727_081515,C3_PAIR_occluded,69,S1_futsal_C3occ_20260727_081515_f002104.jpg,S1_futsal_C3occ_20260727_081515_f002648.jpg
S1_futsal_C3occ_20260727_081515_f002424.jpg,S1_futsal_C3occ_20260727_081515,C3_PAIR_occluded,69,S1_futsal_C3occ_20260727_081515_f002104.jpg,S1_futsal_C3occ_20260727_081515_f002648.jpg
S1_futsal_C3occ_20260727_081515_f002432.jpg,S1_futsal_C3occ_20260727_081515,C3_PAIR_occluded,69,S1_futsal_C3occ_20260727_081515_f002104.jpg,S1_futsal_C3occ_20260727_081515_f002648.jpg
S1_futsal_C3occ_20260727_081515_f002440.jpg,S1_futsal_C3occ_20260727_081515,C3_PAIR_occluded,69,S1_futsal_C3occ_20260727_081515_f002104.jpg,S1_futsal_C3occ_20260727_081515_f002648.jpg
S1_futsal_C3occ_20260727_081515_f002448.jpg,S1_futsal_C3occ_20260727_081515,C3_PAIR_occluded,69,S1_futsal_C3occ_20260727_081515_f002104.jpg,S1_futsal_C3occ_20260727_081515_f002648.jpg
S1_futsal_C3occ_20260727_081515_f002456.jpg,S1_futsal_C3occ_20260727_081515,C3_PAIR_occluded,69,S1_futsal_C3occ_20260727_081515_f002104.jpg,S1_futsal_C3occ_20260727_081515_f002648.jpg
S1_futsal_C3occ_20260727_081515_f002464.jpg,S1_futsal_C3occ_20260727_081515,C3_PAIR_occluded,69,S1_futsal_C3occ_20260727_081515_f002104.jpg,S1_futsal_C3occ_20260727_081515_f002648.jpg
S1_futsal_C3occ_20260727_081515_f002472.jpg,S1_futsal_C3occ_20260727_081515,C3_PAIR_occluded,69,S1_futsal_C3occ_20260727_081515_f002104.jpg,S1_futsal_C3occ_20260727_081515_f002648.jpg
S1_futsal_C3occ_20260727_081515_f002480.jpg,S1_futsal_C3occ_20260727_081515,C3_PAIR_occluded,69,S1_futsal_C3occ_20260727_081515_f002104.jpg,S1_futsal_C3occ_20260727_081515_f002648.jpg
S1_futsal_C3occ_20260727_081515_f002488.jpg,S1_futsal_C3occ_20260727_081515,C3_PAIR_occluded,69,S1_futsal_C3occ_20260727_081515_f002104.jpg,S1_futsal_C3occ_20260727_081515_f002648.jpg
S1_futsal_C3occ_20260727_081515_f002496.jpg,S1_futsal_C3occ_20260727_081515,C3_PAIR_occluded,69,S1_futsal_C3occ_20260727_081515_f002104.jpg,S1_futsal_C3occ_20260727_081515_f002648.jpg
S1_futsal_C3occ_20260727_081515_f002504.jpg,S1_futsal_C3occ_20260727_081515,C3_PAIR_occluded,69,S1_futsal_C3occ_20260727_081515_f002104.jpg,S1_futsal_C3occ_20260727_081515_f002648.jpg
S1_futsal_C3occ_20260727_081515_f002512.jpg,S1_futsal_C3occ_20260727_081515,C3_PAIR_occluded,69,S1_futsal_C3occ_20260727_081515_f002104.jpg,S1_futsal_C3occ_20260727_081515_f002648.jpg
S1_futsal_C3occ_20260727_081515_f002520.jpg,S1_futsal_C3occ_20260727_081515,C3_PAIR_occluded,69,S1_futsal_C3occ_20260727_081515_f002104.jpg,S1_futsal_C3occ_20260727_081515_f002648.jpg
S1_futsal_C3occ_20260727_081515_f002528.jpg,S1_futsal_C3occ_20260727_081515,C3_PAIR_occluded,69,S1_futsal_C3occ_20260727_081515_f002104.jpg,S1_futsal_C3occ_20260727_081515_f002648.jpg
S1_futsal_C3occ_20260727_081515_f002536.jpg,S1_futsal_C3occ_20260727_081515,C3_PAIR_occluded,69,S1_futsal_C3occ_20260727_081515_f002104.jpg,S1_futsal_C3occ_20260727_081515_f002648.jpg
S1_futsal_C3occ_20260727_081515_f002544.jpg,S1_futsal_C3occ_20260727_081515,C3_PAIR_occluded,69,S1_futsal_C3occ_20260727_081515_f002104.jpg,S1_futsal_C3occ_20260727_081515_f002648.jpg
S1_futsal_C3occ_20260727_081515_f002552.jpg,S1_futsal_C3occ_20260727_081515,C3_PAIR_occluded,69,S1_futsal_C3occ_20260727_081515_f002104.jpg,S1_futsal_C3occ_20260727_081515_f002648.jpg
S1_futsal_C3occ_20260727_081515_f002560.jpg,S1_futsal_C3occ_20260727_081515,C3_PAIR_occluded,69,S1_futsal_C3occ_20260727_081515_f002104.jpg,S1_futsal_C3occ_20260727_081515_f002648.jpg
S1_futsal_C3occ_20260727_081515_f002568.jpg,S1_futsal_C3occ_20260727_081515,C3_PAIR_occluded,69,S1_futsal_C3occ_20260727_081515_f002104.jpg,S1_futsal_C3occ_20260727_081515_f002648.jpg
S1_futsal_C3occ_20260727_081515_f002576.jpg,S1_futsal_C3occ_20260727_081515,C3_PAIR_occluded,69,S1_futsal_C3occ_20260727_081515_f002104.jpg,S1_futsal_C3occ_20260727_081515_f002648.jpg
S1_futsal_C3occ_20260727_081515_f002584.jpg,S1_futsal_C3occ_20260727_081515,C3_PAIR_occluded,69,S1_futsal_C3occ_20260727_081515_f002104.jpg,S1_futsal_C3occ_20260727_081515_f002648.jpg
S1_futsal_C3occ_20260727_081515_f002592.jpg,S1_futsal_C3occ_20260727_081515,C3_PAIR_occluded,69,S1_futsal_C3occ_20260727_081515_f002104.jpg,S1_futsal_C3occ_20260727_081515_f002648.jpg
S1_futsal_C3occ_20260727_081515_f002600.jpg,S1_futsal_C3occ_20260727_081515,C3_PAIR_occluded,69,S1_futsal_C3occ_20260727_081515_f002104.jpg,S1_futsal_C3occ_20260727_081515_f002648.jpg
S1_futsal_C3occ_20260727_081515_f002608.jpg,S1_futsal_C3occ_20260727_081515,C3_PAIR_occluded,69,S1_futsal_C3occ_20260727_081515_f002104.jpg,S1_futsal_C3occ_20260727_081515_f002648.jpg
S1_futsal_C3occ_20260727_081515_f002616.jpg,S1_futsal_C3occ_20260727_081515,C3_PAIR_occluded,69,S1_futsal_C3occ_20260727_081515_f002104.jpg,S1_futsal_C3occ_20260727_081515_f002648.jpg
S1_futsal_C3occ_20260727_081515_f002624.jpg,S1_futsal_C3occ_20260727_081515,C3_PAIR_occluded,69,S1_futsal_C3occ_20260727_081515_f002104.jpg,S1_futsal_C3occ_20260727_081515_f002648.jpg
S1_futsal_C3occ_20260727_081515_f002632.jpg,S1_futsal_C3occ_20260727_081515,C3_PAIR_occluded,69,S1_futsal_C3occ_20260727_081515_f002104.jpg,S1_futsal_C3occ_20260727_081515_f002648.jpg
S1_futsal_C3occ_20260727_081515_f002640.jpg,S1_futsal_C3occ_20260727_081515,C3_PAIR_occluded,69,S1_futsal_C3occ_20260727_081515_f002104.jpg,S1_futsal_C3occ_20260727_081515_f002648.jpg
S1_futsal_C3occ_20260727_081515_f002648.jpg,S1_futsal_C3occ_20260727_081515,C3_PAIR_occluded,69,S1_futsal_C3occ_20260727_081515_f002104.jpg,S1_futsal_C3occ_20260727_081515_f002648.jpg
