t_rel,height_cm,tof_cm,baro_rel_cm,yaw_deg,battery_pct
0.000,0,10,0.0,0,100
0.105,0,10,-3.0,0,100
0.218,0,10,-7.000000000002,0,100
0.328,0,10,-6.0,0,100
0.439,0,10,-6.0,0,100
0.544,0,10,-6.0,0,100
0.655,0,10,-5.000000000002,0,100
0.766,0,10,-1.000000000002,0,100
0.877,0,10,0.0,0,100
0.988,0,10,-1.000000000002,0,100
1.099,0,10,-3.0,0,100
1.203,0,10,-4.000000000002,0,100
1.308,0,10,-5.000000000002,0,100
1.418,0,10,-5.000000000002,0,100
1.520,0,10,-1.000000000002,0,100
1.623,0,10,-1.000000000002,0,100
1.735,0,10,-8.000000000002,0,100
1.849,0,10,-2.000000000002,0,100
1.960,0,10,1.999999999998,0,100
2.071,0,10,0.0,0,100
2.183,0,10,-6.0,0,100
2.294,0,10,-4.000000000002,0,100
2.405,0,10,-2.000000000002,0,100
2.516,0,10,-4.000000000002,0,100
2.626,0,10,-5.000000000002,0,100
2.738,0,10,-5.000000000002,0,100
2.850,0,10,-5.000000000002,0,100
2.961,0,10,0.0,0,100
3.072,0,10,-4.000000000002,0,100
3.183,0,10,-4.000000000002,0,100
3.295,0,10,-1.000000000002,0,100
3.407,0,10,-2.000000000002,0,100
3.518,0,10,-3.0,0,100
3.630,0,10,-3.0,0,100
3.742,0,10,-6.0,0,100
3.854,0,10,1.999999999998,0,100
3.967,0,10,-2.000000000002,0,100
4.079,0,10,-2.000000000002,0,100
4.190,0,10,-4.000000000002,0,100
4.303,0,10,-1.000000000002,0,100
4.414,0,10,-1.000000000002,0,100
4.526,0,10,-3.0,0,100
4.638,0,10,-3.0,0,100
4.749,0,10,-3.0,0,100
4.861,0,10,-6.0,0,100
4.973,0,10,-3.0,0,100
5.096,0,10,0.0,0,100
5.206,0,10,-2.000000000002,0,100
5.318,0,10,0.0,0,100
5.430,0,10,0.0,0,100
5.535,0,10,0.0,0,100
5.641,0,10,-4.000000000002,0,100
5.758,0,10,0.0,0,100
5.867,0,10,0.0,0,100
5.984,0,10,0.0,0,100
6.095,0,10,-2.000000000002,0,100
6.199,0,10,0.999999999998,0,100
6.311,0,10,0.0,0,100
6.425,0,10,0.0,0,100
6.531,0,10,0.999999999998,0,100
6.636,0,10,1.999999999998,0,100
6.740,0,10,1.999999999998,0,100
6.854,0,10,1.999999999998,0,100
6.960,0,10,0.0,0,100
7.068,0,10,3.0,0,100
7.183,0,10,-4.000000000002,0,100
7.291,0,10,-4.000000000002,0,100
7.401,0,10,-2.000000000002,0,100
7.505,0,10,-1.000000000002,0,100
7.616,0,10,-4.000000000002,0,100
7.728,0,10,-4.000000000002,0,100
7.839,0,10,-4.000000000002,0,100
7.954,0,10,-4.000000000002,0,100
8.065,0,12,-4.000000000002,0,100
8.168,0,12,-4.000000000002,0,100
8.272,0,12,-4.000000000002,0,100
8.385,10,23,42.999999999998,0,100
8.489,20,31,50.0,0,100
8.600,20,31,50.0,0,100
8.716,20,31,50.0,0,100
8.827,40,55,67.999999999998,0,100
8.938,40,61,83.999999999996,0,100
9.044,50,69,82.999999999998,0,100
9.156,50,69,82.999999999998,0,100
9.267,50,72,86.999999999996,0,100
9.379,60,77,97.999999999998,0,100
9.481,60,77,97.999999999998,0,100
9.588,60,77,97.999999999998,0,100
9.700,60,77,97.999999999998,0,100
9.811,60,85,100.0,0,100
9.922,60,85,100.0,0,100
10.035,60,85,100.0,0,100
10.139,70,86,105.999999999996,0,100
10.250,70,86,105.999999999996,0,100
10.362,70,87,103.999999999998,0,100
10.473,70,87,103.999999999998,0,100
10.584,70,87,103.999999999998,0,100
10.695,70,87,105.999999999996,0,100
10.806,70,87,107.999999999998,0,100
10.918,70,87,106.999999999998,0,100
11.029,70,86,104.999999999998,0,100
11.137,70,86,109.999999999998,0,100
11.246,70,86,103.0,0,100
11.349,70,85,110.999999999998,0,100
11.460,70,84,106.999999999998,0,100
11.572,70,84,107.999999999998,0,100
11.679,70,84,107.999999999998,0,100
11.791,70,83,103.0,0,100
11.903,70,83,103.0,0,100
12.011,70,82,104.999999999998,0,100
12.125,70,82,101.999999999998,0,100
12.232,70,81,103.0,0,100
12.335,60,82,105.999999999996,0,100
12.436,60,81,105.999999999996,0,100
12.538,60,80,103.0,0,100
12.640,60,80,104.999999999998,0,100
12.756,60,80,104.999999999998,0,100
12.867,60,80,104.999999999998,0,100
12.979,60,80,106.999999999998,0,100
13.091,60,80,104.999999999998,0,100
13.203,60,80,104.999999999998,0,100
13.315,60,80,103.0,0,100
13.427,60,80,104.999999999998,0,100
13.537,60,81,106.999999999998,0,100
13.649,60,81,106.999999999998,0,100
13.761,60,81,97.999999999998,0,100
13.871,60,81,101.999999999998,0,100
13.984,60,81,100.999999999998,0,100
14.096,60,81,100.0,0,100
14.208,60,81,106.999999999998,0,100
14.318,60,82,105.999999999996,0,100
14.420,60,82,105.999999999996,0,100
14.532,60,82,105.999999999996,0,100
14.636,60,82,105.999999999996,0,100
14.749,60,82,105.999999999996,0,100
14.851,60,82,105.999999999996,0,100
14.955,60,81,109.999999999998,0,100
15.067,60,81,109.999999999998,0,100
15.180,60,81,97.999999999998,0,100
15.284,60,81,103.999999999998,0,100
15.395,60,81,103.999999999998,0,100
15.508,60,82,104.999999999998,0,100
15.619,60,82,105.999999999996,0,100
15.722,60,82,103.999999999998,0,100
15.832,60,82,103.999999999998,0,100
15.948,70,82,101.999999999998,0,100
16.055,70,82,103.999999999998,0,100
16.164,70,82,106.999999999998,0,100
16.273,70,83,113.999999999998,0,100
16.389,70,82,116.999999999998,0,100
16.505,70,83,103.0,0,100
16.606,70,83,105.999999999996,0,100
16.715,70,83,107.999999999998,0,100
16.820,70,83,109.999999999998,0,100
16.940,70,84,110.999999999998,0,100
17.055,70,84,111.999999999996,0,100
17.167,70,84,112.999999999998,0,100
17.271,70,84,116.999999999998,0,100
17.373,70,85,112.999999999998,0,100
17.482,70,86,111.999999999996,0,100
17.590,70,89,120.999999999998,0,100
17.696,70,94,119.999999999998,0,100
17.798,80,96,115.999999999998,0,100
17.905,80,100,119.0,0,100
18.022,80,103,125.999999999998,0,100
18.124,80,103,125.999999999998,0,100
18.232,90,110,132.999999999998,0,100
18.346,90,111,137.999999999998,0,100
18.448,90,116,132.999999999998,0,100
18.554,100,119,139.999999999996,0,100
18.667,100,123,140.999999999998,0,100
18.789,110,127,145.999999999998,0,100
18.900,110,131,150.999999999998,0,100
19.006,110,134,154.999999999998,0,100
19.120,120,136,153.999999999998,0,100
19.222,120,140,153.999999999998,0,100
19.322,130,142,161.999999999996,0,100
19.436,130,145,161.999999999996,0,100
19.541,130,148,166.999999999998,0,100
19.655,130,151,175.0,0,100
19.765,140,154,165.999999999998,0,100
19.886,140,155,165.999999999998,0,100
20.006,140,158,172.0,0,100
20.113,150,163,178.999999999998,0,100
20.221,150,163,178.999999999998,0,100
20.323,150,166,175.999999999998,0,100
20.437,160,172,187.999999999998,0,100
20.543,160,174,190.999999999998,0,100
20.647,160,177,188.999999999998,0,100
20.751,160,178,188.999999999998,0,100
20.856,170,184,188.999999999998,0,100
20.963,170,187,189.999999999996,0,100
21.065,170,191,197.0,0,100
21.171,170,194,198.999999999998,0,100
21.285,180,197,204.999999999998,0,100
21.391,180,200,201.999999999998,0,100
21.499,180,205,200.999999999998,0,100
21.600,190,205,204.999999999998,0,100
21.706,190,206,206.999999999998,0,100
21.821,190,205,200.0,0,100
21.926,190,204,208.999999999996,0,100
22.033,190,205,207.999999999998,0,100
22.146,190,205,212.999999999998,0,100
22.253,190,205,205.999999999996,0,100
22.368,190,203,206.999999999998,0,100
22.472,190,202,203.999999999998,0,100
22.574,190,203,197.999999999998,0,100
22.681,190,199,201.999999999998,0,100
22.784,190,200,201.999999999998,0,100
22.890,190,202,198.999999999998,0,100
23.000,190,200,203.0,0,100
23.106,180,199,203.999999999998,0,100
23.215,180,199,203.999999999998,0,100
23.320,180,200,201.999999999998,0,100
23.425,180,197,201.999999999998,0,100
23.532,180,197,201.999999999998,0,100
23.633,180,201,200.999999999998,0,100
23.748,180,201,203.0,0,100
23.856,180,201,213.999999999998,0,100
23.963,190,202,207.999999999998,0,100
24.067,190,205,206.999999999998,0,100
24.170,190,205,206.999999999998,0,100
24.272,190,207,201.999999999998,0,100
24.373,190,207,201.999999999998,0,100
24.475,190,204,203.999999999998,0,100
24.584,190,204,203.999999999998,0,100
24.694,190,207,207.999999999998,0,100
24.800,190,209,207.999999999998,0,100
24.903,190,209,205.999999999996,0,100
25.019,190,210,200.999999999998,0,100
25.134,190,212,204.999999999998,0,100
25.234,190,211,209.999999999998,0,100
25.351,190,209,204.999999999998,0,100
25.457,190,209,214.999999999996,0,100
25.572,190,209,212.999999999998,0,100
25.680,190,208,215.999999999998,0,100
25.786,190,208,207.999999999998,0,100
25.890,190,205,204.999999999998,0,100
25.995,190,208,201.999999999998,0,100
26.103,190,205,208.999999999996,0,100
26.218,190,208,208.999999999996,0,100
26.318,190,208,206.999999999998,0,100
26.426,190,208,209.999999999998,0,100
26.534,190,209,206.999999999998,0,100
26.638,190,209,206.999999999998,0,100
26.753,190,209,206.999999999998,0,100
26.859,190,208,210.999999999998,0,100
26.973,190,204,208.999999999996,0,100
27.084,190,206,204.999999999998,0,100
27.189,190,208,210.999999999998,0,100
27.294,190,206,210.999999999998,0,100
27.406,190,208,200.999999999998,0,100
27.523,190,207,209.999999999998,0,100
27.628,190,208,207.999999999998,0,100
27.752,190,208,206.999999999998,0,100
27.857,190,204,205.999999999996,0,100
27.964,190,204,205.999999999996,0,100
28.065,190,210,208.999999999996,0,100
28.177,190,206,208.999999999996,0,100
28.286,190,208,207.999999999998,0,100
28.390,190,211,210.999999999998,0,100
28.505,190,207,208.999999999996,0,100
28.619,190,210,201.999999999998,0,100
28.724,190,208,207.999999999998,0,100
28.830,190,208,210.999999999998,0,100
28.938,190,208,204.999999999998,0,100
29.042,190,208,205.999999999996,0,100
29.154,190,208,207.999999999998,0,100
29.266,190,204,200.999999999998,0,100
29.378,190,208,203.999999999998,0,100
29.488,190,209,203.0,0,100
29.600,190,209,203.0,0,100
29.704,190,209,203.0,0,100
29.807,190,208,201.999999999998,0,100
29.919,190,208,201.999999999998,0,100
30.024,190,208,203.0,0,100
30.136,190,205,203.999999999998,0,100
30.240,190,208,203.0,0,100
30.351,190,209,207.999999999998,0,100
30.462,190,209,205.999999999996,0,100
30.568,190,210,204.999999999998,0,100
30.672,190,206,205.999999999996,0,100
30.791,190,204,205.999999999996,0,100
30.908,190,204,201.999999999998,0,100
31.009,190,208,198.999999999998,0,100
31.115,190,207,201.999999999998,0,100
31.216,190,207,200.999999999998,0,100
31.324,190,205,205.999999999996,0,100
31.441,190,205,206.999999999998,0,100
31.556,190,207,203.999999999998,0,100
31.659,190,204,203.0,0,100
31.768,190,207,203.999999999998,0,100
31.877,190,206,195.999999999998,0,100
31.983,190,206,210.999999999998,0,100
32.090,190,206,206.999999999998,0,100
32.197,190,206,206.999999999998,0,100
32.302,190,207,204.999999999998,0,100
32.405,190,207,208.999999999996,0,100
32.510,190,207,204.999999999998,0,100
32.621,190,207,204.999999999998,0,100
32.723,190,209,206.999999999998,0,100
32.831,190,208,212.999999999998,0,100
32.939,190,206,209.999999999998,0,100
33.055,190,206,201.999999999998,0,100
33.167,190,209,201.999999999998,0,100
33.272,190,210,210.999999999998,0,100
33.391,190,208,209.999999999998,0,100
33.502,190,209,204.999999999998,0,100
33.606,190,207,200.0,0,100
33.720,190,208,208.999999999996,0,100
33.824,190,207,206.999999999998,0,100
33.926,190,212,203.999999999998,0,100
34.033,190,206,204.999999999998,0,100
34.133,190,205,204.999999999998,0,100
34.237,190,207,206.999999999998,0,100
34.361,190,208,209.999999999998,0,100
34.467,190,203,198.999999999998,0,100
34.578,190,207,206.999999999998,0,100
34.682,190,207,201.999999999998,0,100
34.784,190,206,207.999999999998,0,100
34.900,190,207,205.999999999996,0,100
35.003,190,207,200.0,0,100
35.108,190,204,194.999999999998,0,100
35.210,190,204,201.999999999998,0,100
35.323,190,207,198.999999999998,0,100
35.440,190,205,203.0,0,100
35.541,190,206,207.999999999998,0,100
35.643,190,205,201.999999999998,0,100
35.751,190,204,205.999999999996,0,100
35.854,190,209,203.0,0,100
35.970,190,208,206.999999999998,0,100
36.077,190,210,206.999999999998,0,100
36.184,190,210,205.999999999996,0,100
36.299,190,209,201.999999999998,0,100
36.412,190,207,205.999999999996,0,100
36.523,190,207,205.999999999996,0,100
36.636,190,210,203.999999999998,0,100
36.739,190,210,203.999999999998,0,100
36.855,190,209,206.999999999998,0,100
36.961,190,208,203.999999999998,0,100
37.067,190,207,205.999999999996,0,100
37.173,190,206,203.0,0,100
37.285,190,207,201.999999999998,0,100
37.390,190,208,204.999999999998,0,100
37.493,190,204,203.999999999998,0,100
37.601,190,202,201.999999999998,0,100
37.709,190,202,200.0,0,100
37.816,190,204,198.999999999998,0,100
37.920,190,204,205.999999999996,0,100
38.021,190,207,205.999999999996,0,100
38.123,190,205,197.0,0,100
38.236,190,206,200.0,0,100
38.350,190,206,203.0,0,100
38.458,190,204,206.999999999998,0,100
38.564,190,204,206.999999999998,0,100
38.674,190,206,205.999999999996,0,100
38.777,190,210,200.999999999998,0,100
38.890,190,211,200.999999999998,0,100
38.991,190,214,201.999999999998,0,100
39.107,190,210,200.999999999998,0,100
39.214,190,211,203.999999999998,0,100
39.322,190,212,200.0,0,100
39.431,190,209,208.999999999996,0,100
39.537,190,209,208.999999999996,0,100
39.645,190,211,200.999999999998,0,100
39.751,190,208,197.0,0,100
39.856,190,209,197.0,0,100
39.965,190,211,200.0,0,100
40.069,190,210,201.999999999998,0,100
40.176,190,210,203.999999999998,0,100
40.279,190,209,203.0,0,100
40.382,190,209,200.999999999998,0,100
40.488,190,209,201.999999999998,0,100
40.588,190,211,200.0,0,100
40.697,190,210,207.999999999998,0,100
40.807,190,207,200.0,0,100
40.925,190,209,203.999999999998,0,100
41.035,190,209,207.999999999998,0,100
41.144,190,207,205.999999999996,0,100
41.257,190,209,205.999999999996,0,100
41.364,190,207,205.999999999996,0,100
41.469,190,206,207.999999999998,0,100
41.575,190,206,207.999999999998,0,100
41.682,190,206,206.999999999998,0,100
41.791,190,207,200.999999999998,0,100
41.899,190,207,203.0,0,100
42.004,190,206,206.999999999998,0,100
42.107,190,209,200.0,0,100
42.223,190,208,207.999999999998,0,100
42.335,190,203,201.999999999998,0,100
42.438,190,206,203.999999999998,0,100
42.550,190,206,206.999999999998,0,100
42.657,190,205,200.999999999998,0,100
42.766,190,208,212.999999999998,0,100
42.869,190,204,205.999999999996,0,100
42.977,190,206,203.999999999998,0,100
43.089,190,207,200.999999999998,0,100
43.190,190,205,203.999999999998,0,100
43.301,190,207,204.999999999998,0,100
43.404,190,210,201.999999999998,0,100
43.509,190,206,201.999999999998,0,100
43.614,190,206,203.999999999998,0,100
43.720,190,206,203.0,0,100
43.828,190,208,205.999999999996,0,100
43.941,190,206,203.999999999998,0,100
44.057,190,208,194.0,0,100
44.159,190,206,195.999999999998,0,100
44.264,190,207,200.999999999998,0,100
44.366,190,207,197.999999999998,0,100
44.472,190,211,203.0,0,100
44.573,190,211,203.0,0,100
44.686,190,206,207.999999999998,0,100
44.803,190,208,205.999999999996,0,100
44.908,190,207,208.999999999996,0,100
45.013,190,208,205.999999999996,0,100
45.124,190,208,205.999999999996,0,100
45.230,190,207,215.999999999998,0,100
45.335,190,207,215.999999999998,0,100
45.440,190,208,208.999999999996,0,100
45.545,190,204,205.999999999996,0,100
45.659,190,204,210.999999999998,0,100
45.768,190,208,214.999999999996,0,100
45.873,190,207,207.999999999998,0,100
45.974,190,206,205.999999999996,0,100
46.079,190,205,208.999999999996,0,100
46.182,190,208,204.999999999998,0,100
46.287,190,204,201.999999999998,0,100
46.389,190,204,203.0,0,100
46.490,190,206,205.999999999996,0,100
46.598,190,206,204.999999999998,0,100
46.705,190,206,200.999999999998,0,100
46.806,190,206,203.0,0,100
46.915,190,207,206.999999999998,0,100
47.024,190,205,203.0,0,100
47.139,190,205,203.0,0,100
47.253,190,206,201.999999999998,0,100
47.367,190,204,208.999999999996,0,100
47.477,190,206,207.999999999998,0,100
47.589,190,208,200.999999999998,0,100
47.690,190,205,197.0,0,100
47.801,190,205,197.0,0,100
47.907,190,206,201.999999999998,0,100
48.016,190,206,200.0,0,100
48.137,190,206,201.999999999998,0,100
48.239,190,206,208.999999999996,0,100
48.340,190,205,213.999999999998,0,100
48.441,190,205,203.999999999998,0,100
48.554,190,207,205.999999999996,0,100
48.658,190,207,207.999999999998,0,100
48.774,190,205,205.999999999996,0,100
48.881,190,205,201.999999999998,0,100
48.990,190,209,204.999999999998,0,100
49.103,190,207,198.999999999998,0,100
49.207,190,208,197.0,0,100
49.311,190,207,201.999999999998,0,100
49.419,190,209,207.999999999998,0,100
49.526,190,209,207.999999999998,0,100
49.640,190,209,200.999999999998,0,100
49.757,190,211,203.999999999998,0,100
49.873,190,212,209.999999999998,0,100
49.980,190,210,203.999999999998,0,100
50.093,190,210,201.999999999998,0,100
50.198,190,212,209.999999999998,0,100
50.309,190,212,209.999999999998,0,100
50.414,190,208,201.999999999998,0,100
50.523,190,208,201.999999999998,0,100
50.632,190,208,204.999999999998,0,100
50.741,190,204,200.999999999998,0,100
50.857,190,207,207.999999999998,0,100
50.958,190,206,209.999999999998,0,100
51.066,190,204,200.0,0,100
51.172,190,204,200.0,0,100
51.283,190,208,203.999999999998,0,100
51.395,190,205,203.999999999998,0,100
51.507,190,206,203.999999999998,0,100
51.618,190,207,207.999999999998,0,100
51.721,190,207,208.999999999996,0,100
51.825,190,203,209.999999999998,0,100
51.936,190,207,204.999999999998,0,100
52.040,190,208,206.999999999998,0,100
52.152,190,208,209.999999999998,0,100
52.256,190,206,203.999999999998,0,100
52.369,190,205,206.999999999998,0,100
52.474,190,207,200.999999999998,0,100
52.586,190,205,205.999999999996,0,100
52.697,190,204,201.999999999998,0,100
52.810,190,207,200.0,0,100
52.922,190,206,197.999999999998,0,100
53.033,190,206,197.999999999998,0,100
53.136,190,209,204.999999999998,0,100
53.239,190,208,195.999999999998,0,100
53.349,190,208,203.999999999998,0,100
53.454,190,211,194.0,0,100
53.564,190,208,198.999999999998,0,100
53.674,190,210,200.999999999998,0,100
53.782,190,207,200.999999999998,0,100
53.889,190,206,200.0,0,100
53.998,190,207,204.999999999998,0,100
54.102,190,210,197.999999999998,0,100
54.203,190,206,197.0,0,100
54.315,190,209,200.999999999998,0,100
54.416,190,206,205.999999999996,0,100
54.517,190,207,201.999999999998,0,100
54.622,190,207,214.999999999996,0,100
54.736,190,206,206.999999999998,0,100
54.848,190,209,208.999999999996,0,100
54.948,190,209,208.999999999996,0,100
55.060,190,206,203.0,0,100
55.172,190,209,203.999999999998,0,100
55.283,190,211,204.999999999998,0,100
55.390,190,206,201.999999999998,0,100
55.502,190,206,201.999999999998,0,100
55.606,190,206,201.999999999998,0,100
55.718,190,208,200.999999999998,0,100
55.822,190,208,200.999999999998,0,100
55.933,190,208,200.999999999998,0,100
56.038,190,208,200.999999999998,0,100
56.150,190,208,200.999999999998,0,100
56.255,190,208,200.999999999998,0,100
56.366,190,210,209.999999999998,0,100
56.477,190,210,200.999999999998,0,100
56.589,190,206,203.999999999998,0,100
56.702,190,206,203.999999999998,0,100
56.813,190,206,203.999999999998,0,100
56.925,190,206,203.999999999998,0,100
57.036,190,206,203.999999999998,0,100
57.148,190,208,205.999999999996,0,100
57.259,190,207,204.999999999998,0,99
57.371,190,207,204.999999999998,0,99
57.482,190,207,205.999999999996,0,99
57.594,190,207,197.999999999998,0,99
57.706,190,206,200.999999999998,0,99
57.818,190,207,203.0,0,99
57.930,190,205,201.999999999998,0,99
58.043,190,203,197.0,0,99
58.154,190,208,200.999999999998,0,99
58.266,190,206,197.999999999998,0,99
58.373,190,206,197.999999999998,0,99
58.481,190,206,203.0,0,99
58.590,190,207,201.999999999998,0,99
58.699,190,207,200.999999999998,0,99
58.805,190,209,206.999999999998,0,99
58.911,190,209,206.999999999998,0,99
59.020,190,207,205.999999999996,0,99
59.132,190,207,200.0,0,99
59.241,190,208,200.999999999998,0,99
59.349,190,209,200.999999999998,0,98
59.452,190,208,201.999999999998,0,98
59.566,190,206,198.999999999998,0,98
59.674,190,208,200.999999999998,0,98
59.788,190,206,200.999999999998,0,98
59.891,190,206,195.999999999998,0,98
60.003,190,207,203.0,0,98
60.116,190,207,203.0,0,98
60.221,190,207,198.999999999998,0,98
60.323,190,210,200.999999999998,0,98
60.437,190,208,197.999999999998,0,98
60.541,190,207,195.999999999998,0,98
60.654,190,207,200.999999999998,0,98
60.758,190,206,194.0,0,98
60.868,190,203,198.999999999998,0,98
60.974,190,205,200.0,0,98
61.077,190,208,203.0,0,98
61.191,190,211,195.999999999998,0,98
61.302,190,205,195.999999999998,0,98
61.409,190,206,192.999999999998,0,97
61.510,190,209,201.999999999998,0,97
61.616,190,206,200.0,0,97
61.725,190,206,194.999999999998,0,97
61.842,190,206,195.999999999998,0,97
61.952,190,206,197.999999999998,0,97
62.057,190,203,200.999999999998,0,97
62.161,190,204,200.999999999998,0,97
62.270,190,205,200.0,0,97
62.374,190,206,195.999999999998,0,97
62.475,190,204,205.999999999996,0,97
62.591,190,206,201.999999999998,0,97
62.703,190,206,197.999999999998,0,97
62.806,190,206,197.999999999998,0,97
62.917,190,203,197.0,0,97
63.031,190,205,203.0,0,97
63.133,190,205,197.0,0,97
63.242,190,205,195.999999999998,0,97
63.348,190,208,194.0,0,96
63.462,190,209,200.999999999998,0,96
63.566,190,206,201.999999999998,0,96
63.667,190,211,190.999999999998,0,96
63.782,190,210,194.999999999998,0,96
63.893,190,209,191.999999999998,0,96
64.005,190,212,197.0,0,96
64.117,190,212,197.0,0,96
64.223,190,207,197.0,0,96
64.334,190,211,201.999999999998,0,96
64.437,190,208,190.999999999998,0,96
64.540,190,212,198.999999999998,0,96
64.653,190,212,198.999999999998,0,96
64.756,190,208,197.999999999998,0,96
64.867,190,209,192.999999999998,0,96
64.975,190,207,200.0,0,96
65.082,190,207,200.0,0,96
65.191,190,205,198.999999999998,0,96
65.303,190,208,195.999999999998,0,96
65.406,190,204,203.999999999998,0,95
65.521,190,204,200.0,0,95
65.625,190,205,201.999999999998,0,95
65.728,190,204,192.999999999998,0,95
65.833,190,201,190.999999999998,0,95
65.949,190,204,195.999999999998,0,95
66.049,190,203,203.0,0,95
66.155,190,205,203.0,0,95
66.258,190,204,206.999999999998,0,95
66.365,190,202,203.0,0,95
66.474,190,204,198.999999999998,0,95
66.591,190,205,200.0,0,95
66.692,190,205,203.999999999998,0,95
66.803,190,207,203.0,0,95
66.907,190,208,203.999999999998,0,95
67.013,190,204,205.999999999996,0,95
67.119,190,207,207.999999999998,0,95
67.231,190,206,203.0,0,95
67.341,190,206,200.0,0,94
67.456,190,207,201.999999999998,0,94
67.561,190,206,200.0,0,94
67.670,190,206,197.0,2,94
67.792,190,207,203.0,3,94
67.894,190,206,200.0,5,94
67.999,190,205,197.999999999998,7,94
68.103,190,206,205.999999999996,9,94
68.207,190,206,190.999999999998,10,94
68.308,190,202,200.0,10,94
68.413,190,201,190.999999999998,10,94
68.519,190,205,197.999999999998,11,94
68.626,190,204,197.999999999998,11,94
68.742,190,207,195.999999999998,11,94
68.847,190,205,197.999999999998,11,94
68.947,190,204,197.0,11,94
69.052,190,205,195.999999999998,11,94
69.158,190,207,200.0,11,94
69.273,190,209,192.999999999998,11,94
69.378,190,204,197.0,11,93
69.490,190,208,184.999999999998,11,93
69.606,190,207,200.0,11,93
69.708,190,210,201.999999999998,11,93
69.826,190,212,198.999999999998,11,93
69.932,190,212,194.999999999998,11,93
70.032,190,212,204.999999999998,11,93
70.153,190,214,203.999999999998,11,93
70.258,190,213,203.999999999998,11,93
70.358,190,215,200.999999999998,11,93
70.464,190,213,197.999999999998,11,93
70.565,200,212,197.999999999998,11,93
70.673,190,213,203.0,11,93
70.791,190,211,200.999999999998,11,93
70.907,190,210,197.999999999998,11,93
71.022,190,209,201.999999999998,11,93
71.130,190,210,203.0,11,93
71.242,190,208,204.999999999998,11,93
71.363,190,210,198.999999999998,11,92
71.475,190,205,200.0,11,92
71.584,190,209,201.999999999998,11,92
71.691,190,204,198.999999999998,11,92
71.791,190,206,191.999999999998,11,92
71.895,190,208,194.999999999998,11,92
72.003,190,208,191.999999999998,11,92
72.105,190,204,191.999999999998,11,92
72.220,190,203,186.999999999996,11,92
72.326,190,205,183.999999999996,11,92
72.433,190,203,186.999999999996,11,92
72.540,190,205,191.999999999998,11,92
72.653,190,204,194.0,11,92
72.768,190,206,188.999999999998,11,92
72.873,190,207,191.999999999998,13,92
72.974,190,206,192.999999999998,16,92
73.081,190,210,194.0,18,92
73.184,190,203,188.999999999998,21,92
73.290,190,206,191.999999999998,27,92
73.404,190,207,195.999999999998,29,92
73.509,190,207,195.999999999998,29,92
73.622,190,206,194.0,32,92
73.724,190,211,190.999999999998,32,92
73.841,190,210,189.999999999996,32,92
73.949,190,208,197.999999999998,32,92
74.054,190,208,195.999999999998,32,92
74.168,190,209,195.999999999998,32,92
74.269,190,204,200.999999999998,32,92
74.375,190,206,194.0,32,92
74.492,190,207,192.999999999998,32,92
74.605,190,202,195.999999999998,32,92
74.712,190,200,194.0,32,92
74.831,190,205,190.999999999998,32,92
74.947,190,202,191.999999999998,32,92
75.051,190,206,188.999999999998,32,92
75.157,190,202,188.999999999998,32,92
75.261,190,201,190.999999999998,32,92
75.367,190,202,195.999999999998,32,91
75.473,190,202,188.999999999998,32,91
75.589,190,205,194.999999999998,32,91
75.692,190,203,195.999999999998,32,91
75.798,190,205,192.999999999998,32,91
75.907,190,207,198.999999999998,32,91
76.015,190,207,194.999999999998,32,91
76.137,190,207,188.999999999998,32,91
76.240,190,205,195.999999999998,32,91
76.341,190,208,197.999999999998,32,91
76.450,190,208,197.999999999998,32,91
76.555,190,207,200.0,32,91
76.659,190,207,200.0,32,91
76.764,190,208,194.999999999998,32,91
76.865,190,211,197.999999999998,32,91
76.966,190,210,197.999999999998,32,91
77.072,190,209,198.999999999998,32,91
77.175,190,209,194.999999999998,32,91
77.288,190,209,198.999999999998,32,91
77.390,190,209,194.0,32,91
77.497,190,208,191.999999999998,32,91
77.603,190,208,197.999999999998,32,91
77.708,190,208,192.999999999998,32,91
77.815,190,211,194.999999999998,37,91
77.919,190,207,195.999999999998,39,91
78.025,190,207,195.999999999998,39,91
78.135,190,207,194.999999999998,45,91
78.240,190,207,194.999999999998,45,91
78.346,190,206,200.999999999998,50,91
78.458,190,213,195.999999999998,53,91
78.566,190,208,194.999999999998,54,91
78.671,190,207,197.0,55,91
78.784,190,207,200.0,55,91
78.886,190,207,200.0,55,91
78.993,190,207,194.0,56,91
79.102,190,206,189.999999999996,56,91
79.202,190,209,197.0,57,91
79.314,190,210,183.999999999996,57,91
79.424,190,209,191.999999999998,57,91
79.525,190,214,203.0,58,91
79.641,190,212,192.999999999998,58,91
79.741,190,212,192.999999999998,58,91
79.856,190,209,200.999999999998,58,91
79.961,190,212,197.0,58,91
80.074,190,212,200.999999999998,58,91
80.179,190,212,200.999999999998,58,91
80.285,190,209,201.999999999998,58,91
80.388,190,210,197.0,58,91
80.501,190,208,195.999999999998,58,91
80.607,190,210,195.999999999998,58,91
80.710,190,208,200.999999999998,58,91
80.819,190,210,195.999999999998,57,91
80.923,190,211,194.0,57,91
81.038,190,211,201.999999999998,58,91
81.140,190,207,200.999999999998,58,91
81.241,190,211,190.999999999998,58,91
81.351,190,208,197.999999999998,58,90
81.456,190,208,197.999999999998,58,90
81.559,190,208,197.999999999998,58,90
81.674,190,208,197.999999999998,58,90
81.784,190,208,189.999999999996,58,90
81.890,190,208,195.999999999998,58,90
81.991,190,205,195.999999999998,59,90
82.105,190,208,194.999999999998,61,90
82.208,190,206,198.999999999998,64,90
82.310,190,207,197.999999999998,67,90
82.426,190,207,200.0,69,90
82.533,190,205,191.999999999998,72,90
82.639,190,205,192.999999999998,76,90
82.741,190,205,192.999999999998,76,90
82.848,190,203,194.999999999998,76,90
82.950,190,203,194.999999999998,76,90
83.055,190,206,197.0,76,90
83.158,190,209,190.999999999998,76,90
83.272,190,207,192.999999999998,76,90
83.375,190,207,197.999999999998,76,90
83.486,190,210,187.999999999998,76,90
83.592,190,210,187.999999999998,76,90
83.696,190,209,192.999999999998,76,90
83.805,190,205,195.999999999998,76,90
83.911,190,207,189.999999999996,76,90
84.025,190,211,200.999999999998,76,90
84.140,190,210,197.999999999998,76,90
84.241,190,208,192.999999999998,76,90
84.350,190,207,197.0,76,90
84.460,190,208,197.999999999998,76,90
84.569,190,210,197.999999999998,76,90
84.675,190,208,194.999999999998,76,90
84.780,190,205,191.999999999998,76,90
84.891,190,208,197.0,76,90
85.003,190,205,190.999999999998,76,90
85.118,190,203,195.999999999998,76,90
85.221,190,199,192.999999999998,76,90
85.322,190,199,190.999999999998,76,90
85.441,190,202,194.999999999998,76,90
85.546,190,207,194.0,78,90
85.655,190,207,190.999999999998,80,90
85.766,190,208,197.0,82,90
85.872,190,212,200.999999999998,84,90
85.975,190,210,192.999999999998,87,90
86.087,190,209,197.999999999998,89,90
86.209,190,209,197.999999999998,89,90
86.324,190,209,197.999999999998,89,90
86.445,190,211,195.999999999998,89,90
86.549,190,212,197.999999999998,89,90
86.659,190,211,192.999999999998,89,90
86.773,190,210,197.999999999998,89,90
86.882,190,210,194.999999999998,89,90
86.990,190,210,198.999999999998,89,90
87.098,190,211,194.999999999998,89,90
87.198,190,211,194.999999999998,89,90
87.312,190,209,194.999999999998,89,90
87.422,190,210,203.0,89,90
87.535,190,207,195.999999999998,89,90
87.641,190,207,195.999999999998,89,90
87.755,190,209,203.0,89,90
87.858,190,210,192.999999999998,89,90
87.974,190,209,194.0,89,90
88.075,190,209,195.999999999998,89,90
88.191,190,210,195.999999999998,89,90
88.291,190,211,191.999999999998,90,90
88.408,190,209,203.999999999998,90,89
88.517,190,208,195.999999999998,90,89
88.625,190,211,201.999999999998,90,89
88.741,190,208,203.0,90,89
88.845,190,208,203.999999999998,90,89
88.951,190,208,197.999999999998,92,89
89.053,190,210,194.0,95,89
89.157,190,210,194.0,101,89
89.266,190,206,192.999999999998,104,89
89.374,190,210,197.999999999998,106,89
89.479,190,208,198.999999999998,107,89
89.590,190,207,194.0,107,89
89.705,190,209,197.999999999998,108,89
89.811,190,211,200.0,108,89
89.924,190,209,195.999999999998,108,89
90.026,190,209,192.999999999998,108,89
90.137,190,209,192.999999999998,108,89
90.258,190,211,197.0,108,89
90.361,190,211,189.999999999996,108,89
90.469,190,210,191.999999999998,108,89
90.578,190,209,185.999999999998,108,89
90.692,190,210,187.999999999998,108,89
90.796,190,211,192.999999999998,108,89
90.910,190,211,189.999999999996,108,89
91.010,190,209,195.999999999998,108,89
91.111,190,208,194.0,108,89
91.220,190,208,195.999999999998,108,89
91.329,190,205,197.0,108,89
91.442,190,207,194.0,108,89
91.559,190,203,190.999999999998,108,89
91.666,190,205,194.0,108,89
91.776,190,205,194.0,108,89
91.877,190,204,197.999999999998,108,89
91.986,190,202,194.0,108,89
92.091,190,201,190.999999999998,108,89
92.208,190,206,195.999999999998,110,89
92.322,190,206,197.999999999998,113,89
92.423,190,206,197.999999999998,113,89
92.524,190,204,194.0,119,89
92.633,190,204,186.999999999996,122,89
92.737,190,203,194.999999999998,124,89
92.839,190,203,194.999999999998,124,89
92.953,190,204,192.999999999998,126,89
93.060,190,204,192.999999999998,126,89
93.176,190,202,194.0,127,89
93.287,190,204,194.0,128,89
93.394,190,204,194.0,128,89
93.500,190,207,201.999999999998,129,89
93.615,190,205,197.999999999998,129,89
93.724,190,207,189.999999999996,130,89
93.841,190,207,187.999999999998,130,89
93.942,190,202,194.999999999998,130,89
94.049,190,206,192.999999999998,130,89
94.153,190,203,188.999999999998,129,89
94.256,190,204,189.999999999996,129,89
94.370,190,205,187.999999999998,129,88
94.477,190,205,187.999999999998,129,88
94.584,190,205,182.999999999998,130,88
94.695,190,205,187.999999999998,129,88
94.804,190,206,197.999999999998,129,88
94.908,190,206,197.999999999998,129,88
95.024,190,205,190.999999999998,129,88
95.138,190,204,187.999999999998,130,88
95.241,190,203,191.999999999998,130,88
95.345,190,205,188.999999999998,130,88
95.448,190,205,190.999999999998,130,88
95.551,190,205,186.999999999996,130,88
95.658,190,207,189.999999999996,130,88
95.759,190,204,186.999999999996,130,88
95.861,190,204,195.999999999998,130,88
95.961,190,205,185.999999999998,130,88
96.068,190,203,190.999999999998,130,88
96.172,190,205,195.999999999998,130,88
96.277,190,205,185.999999999998,130,88
96.384,190,204,181.999999999998,130,88
96.491,190,207,195.999999999998,130,88
96.605,190,207,185.999999999998,130,88
96.711,190,206,191.999999999998,130,88
96.826,190,209,184.999999999998,130,88
96.942,190,205,186.999999999996,130,88
97.057,190,205,194.999999999998,130,88
97.164,190,202,182.999999999998,130,88
97.270,190,202,182.999999999998,130,88
97.375,190,205,183.999999999996,130,88
97.491,190,205,187.999999999998,132,88
97.592,190,204,187.999999999998,135,88
97.708,190,203,183.999999999996,137,88
97.810,190,203,183.999999999996,140,88
97.910,190,205,184.999999999998,141,88
98.025,190,205,186.999999999996,141,88
98.139,190,205,187.999999999998,141,88
98.242,190,204,189.999999999996,141,88
98.350,190,200,190.999999999998,141,88
98.452,190,205,190.999999999998,141,88
98.559,190,205,188.999999999998,141,88
98.667,190,204,191.999999999998,141,88
98.781,190,207,185.999999999998,141,88
98.885,190,209,185.999999999998,141,88
98.989,190,208,190.999999999998,141,88
99.093,190,208,187.999999999998,141,88
99.195,190,209,187.999999999998,141,88
99.303,190,209,187.999999999998,141,88
99.404,190,208,187.999999999998,141,88
99.520,190,205,190.999999999998,141,88
99.625,190,206,190.999999999998,141,88
99.733,190,206,190.999999999998,141,88
99.845,190,205,183.999999999996,144,88
99.956,190,207,189.999999999996,147,88
100.065,190,203,185.999999999998,149,88
100.171,190,205,192.999999999998,152,88
100.283,190,204,186.999999999996,154,88
100.392,190,203,183.999999999996,154,88
100.505,190,203,184.999999999998,154,88
100.612,190,208,188.999999999998,154,88
100.719,190,203,191.999999999998,154,88
100.825,190,205,194.0,154,88
100.941,190,206,187.999999999998,154,88
101.046,190,209,185.999999999998,154,88
101.158,190,210,187.999999999998,154,88
101.269,190,209,189.999999999996,154,88
101.377,190,210,190.999999999998,154,88
101.483,190,212,190.999999999998,154,88
101.583,190,211,188.999999999998,154,88
101.686,190,208,191.999999999998,154,88
101.789,190,210,189.999999999996,154,88
101.894,190,207,195.999999999998,154,88
101.999,190,209,194.0,154,88
102.104,190,209,195.999999999998,154,88
102.208,190,206,189.999999999996,154,88
102.310,190,210,188.999999999998,154,87
102.415,190,207,187.999999999998,154,87
102.525,190,204,188.999999999998,154,87
102.632,190,205,190.999999999998,154,87
102.734,190,207,194.0,154,87
102.838,190,205,190.999999999998,154,87
102.943,190,204,191.999999999998,154,87
103.057,190,206,189.999999999996,154,87
103.159,190,206,194.0,154,87
103.267,190,204,182.999999999998,154,87
103.373,190,205,188.999999999998,156,87
103.478,190,207,194.0,158,87
103.586,190,205,190.999999999998,161,87
103.688,190,208,194.0,163,87
103.809,190,205,190.999999999998,166,87
103.911,190,205,190.999999999998,169,87
104.022,190,206,187.999999999998,171,87
104.125,190,206,188.999999999998,171,87
104.233,190,206,186.999999999996,171,87
104.341,190,206,186.999999999996,171,87
104.444,190,204,191.999999999998,171,87
104.552,190,207,187.999999999998,171,87
104.657,190,208,184.999999999998,171,87
104.758,190,205,194.0,171,87
104.873,190,212,188.999999999998,171,87
104.973,190,206,192.999999999998,171,87
105.078,190,209,189.999999999996,171,87
105.189,190,205,194.0,171,87
105.302,190,207,195.999999999998,171,87
105.407,190,201,192.999999999998,171,87
105.508,190,208,189.999999999996,171,87
105.615,190,206,189.999999999996,171,87
105.726,190,204,192.999999999998,171,87
105.840,190,204,194.0,171,87
105.942,190,204,194.0,171,87
106.060,190,204,182.999999999998,171,87
106.176,190,207,186.999999999996,171,87
106.284,190,204,187.999999999998,171,87
106.397,190,203,189.999999999996,171,87
106.505,190,203,191.999999999998,171,87
106.613,190,203,191.999999999998,171,87
106.716,190,204,185.999999999998,171,87
106.839,190,204,187.999999999998,171,87
106.945,190,206,183.999999999996,171,87
107.055,190,203,188.999999999998,171,87
107.161,190,205,188.999999999998,171,87
107.275,190,204,182.999999999998,171,87
107.378,190,205,173.999999999998,171,87
107.490,190,204,175.999999999998,171,87
107.594,190,204,184.999999999998,171,87
107.700,190,205,182.999999999998,171,87
107.808,190,203,185.999999999998,171,87
107.909,190,205,182.999999999998,171,87
108.026,190,204,181.999999999998,171,87
108.134,190,204,190.999999999998,171,87
108.248,190,203,181.999999999998,171,87
108.350,190,207,182.999999999998,171,86
108.463,190,203,181.999999999998,171,86
108.572,190,203,181.999999999998,171,86
108.673,190,203,185.999999999998,171,86
108.789,190,203,185.999999999998,171,86
108.890,190,207,185.999999999998,171,86
109.005,190,204,186.999999999996,171,86
109.110,190,205,185.999999999998,171,86
109.219,190,205,185.999999999998,171,86
109.326,190,206,188.999999999998,171,86
109.434,190,208,190.999999999998,171,86
109.537,190,204,184.999999999998,171,86
109.644,190,203,182.999999999998,171,86
109.750,190,206,189.999999999996,171,86
109.855,190,206,180.999999999996,171,86
109.962,190,207,184.999999999998,171,86
110.076,190,205,187.999999999998,171,86
110.191,190,204,192.999999999998,171,86
110.302,190,204,182.999999999998,171,86
110.410,190,205,183.999999999996,171,86
110.516,190,206,188.999999999998,171,86
110.623,190,203,183.999999999996,171,86
110.728,190,204,187.999999999998,171,86
110.839,190,205,180.999999999996,171,86
110.941,190,205,187.999999999998,171,86
111.051,190,203,179.999999999998,171,86
111.163,190,205,182.999999999998,171,86
111.267,190,205,181.999999999998,171,86
111.376,190,205,185.999999999998,171,86
111.483,190,204,181.999999999998,171,86
111.584,190,207,180.999999999996,171,86
111.692,190,208,178.999999999998,171,86
111.809,190,210,185.999999999998,171,86
111.921,190,207,186.999999999996,172,86
112.043,190,209,186.999999999996,174,86
112.150,190,208,185.999999999998,177,86
112.255,190,209,185.999999999998,179,86
112.359,190,209,185.999999999998,-178,86
112.475,190,211,188.999999999998,-177,86
112.593,190,209,184.999999999998,-177,86
112.709,190,209,184.999999999998,-177,86
112.826,190,212,181.999999999998,-177,86
112.928,190,211,189.999999999996,-177,86
113.042,190,211,182.999999999998,-177,86
113.148,190,210,185.999999999998,-177,86
113.258,190,213,186.999999999996,-177,86
113.365,190,207,183.999999999996,-177,86
113.470,190,209,191.999999999998,-177,86
113.574,190,206,175.0,-177,86
113.684,190,205,180.999999999996,-177,86
113.786,190,205,183.999999999996,-177,86
113.891,190,203,181.999999999998,-177,86
113.998,190,207,176.999999999998,-177,86
114.112,190,202,178.999999999998,-177,86
114.213,190,201,180.999999999996,-177,86
114.321,190,201,179.999999999998,-177,86
114.428,190,202,183.999999999996,-177,86
114.543,190,203,182.999999999998,-177,86
114.644,190,198,178.0,-177,86
114.758,190,201,179.999999999998,-178,86
114.873,190,200,178.999999999998,-178,86
114.982,190,200,179.999999999998,-177,86
115.083,190,201,172.999999999998,-177,86
115.189,190,201,175.0,-177,86
115.303,190,201,175.0,-177,86
115.407,190,199,178.0,-177,86
115.533,190,203,172.0,-176,86
115.641,190,201,173.999999999998,-174,86
115.745,190,201,167.999999999998,-171,86
115.858,190,201,176.999999999998,-169,86
115.958,190,202,175.0,-166,86
116.076,190,203,180.999999999996,-163,86
116.192,190,201,181.999999999998,-162,86
116.296,190,204,183.999999999996,-162,85
116.407,190,204,183.999999999996,-162,85
116.508,190,206,178.999999999998,-162,85
116.616,190,209,179.999999999998,-162,85
116.727,190,206,182.999999999998,-162,85
116.838,190,206,182.999999999998,-162,85
116.943,190,204,172.999999999998,-162,85
117.054,190,208,181.999999999998,-162,85
117.170,190,204,178.999999999998,-162,85
117.273,190,204,178.0,-162,85
117.388,190,205,178.999999999998,-162,85
117.492,190,207,175.999999999998,-162,85
117.610,190,206,179.999999999998,-162,85
117.712,190,206,173.999999999998,-162,85
117.825,190,204,178.999999999998,-162,85
117.941,190,207,172.999999999998,-162,85
118.050,190,209,165.999999999998,-162,85
118.153,190,206,169.0,-162,85
118.261,190,204,161.999999999996,-161,85
118.373,190,207,169.999999999998,-159,85
118.492,190,207,169.999999999998,-159,85
118.594,190,210,181.999999999998,-154,85
118.699,190,207,181.999999999998,-153,85
118.800,190,206,175.0,-152,85
118.907,190,209,172.999999999998,-152,85
119.013,190,209,172.999999999998,-152,85
119.120,190,210,178.999999999998,-152,85
119.225,190,208,175.999999999998,-151,85
119.326,190,210,172.0,-151,85
119.441,190,208,172.999999999998,-151,85
119.545,190,208,176.999999999998,-151,85
119.653,190,209,175.0,-151,85
119.755,190,205,176.999999999998,-151,85
119.859,190,206,172.0,-151,85
119.974,190,206,172.0,-151,85
120.082,190,207,165.999999999998,-151,85
120.187,190,208,170.999999999998,-151,85
120.297,190,206,165.999999999998,-151,85
120.399,190,204,166.999999999998,-151,85
120.505,190,206,172.999999999998,-151,85
120.611,190,202,158.999999999996,-151,85
120.712,190,206,166.999999999998,-151,85
120.818,190,206,162.999999999998,-151,85
120.931,190,206,162.999999999998,-151,85
121.042,190,209,166.999999999998,-151,85
121.149,190,208,166.999999999998,-151,85
121.252,190,208,167.999999999998,-151,85
121.353,190,207,163.999999999998,-151,85
121.460,190,207,163.999999999998,-151,85
121.562,190,208,165.999999999998,-151,85
121.664,190,208,172.0,-149,85
121.769,190,209,167.999999999998,-147,85
121.883,190,210,167.999999999998,-144,85
121.989,190,210,169.0,-142,85
122.097,190,209,169.0,-139,85
122.206,190,210,169.999999999998,-137,85
122.320,190,205,167.999999999998,-135,85
122.425,190,208,166.999999999998,-135,85
122.526,190,209,169.999999999998,-135,85
122.634,190,209,161.999999999996,-135,85
122.749,190,209,175.0,-135,85
122.853,190,209,175.0,-135,85
122.958,190,208,173.999999999998,-135,85
123.063,190,208,173.999999999998,-135,85
123.170,190,205,170.999999999998,-135,85
123.273,190,205,170.999999999998,-135,85
123.374,190,206,170.999999999998,-135,84
123.489,190,208,162.999999999998,-135,84
123.596,190,206,161.999999999996,-135,84
123.708,190,207,169.999999999998,-135,84
123.820,190,207,164.999999999996,-135,84
123.925,190,208,165.999999999998,-135,84
124.026,190,203,158.999999999996,-135,84
124.126,190,205,162.999999999998,-135,84
124.243,190,208,162.999999999998,-135,84
124.356,190,204,154.999999999998,-135,84
124.459,190,205,156.999999999998,-135,84
124.576,190,206,166.999999999998,-135,84
124.692,190,205,161.999999999996,-135,84
124.806,190,207,161.999999999996,-135,84
124.911,190,208,162.999999999998,-135,84
125.018,190,208,162.999999999998,-135,84
125.120,190,208,163.999999999998,-135,84
125.233,190,207,159.999999999998,-135,84
125.338,190,208,158.999999999996,-135,84
125.440,190,208,158.999999999996,-135,84
125.548,190,209,164.999999999996,-135,84
125.658,190,209,162.999999999998,-135,84
125.761,190,205,155.999999999996,-135,84
125.873,190,205,155.999999999996,-135,84
125.976,190,208,155.999999999996,-134,84
126.088,190,208,159.999999999998,-131,84
126.202,190,205,159.999999999998,-129,84
126.307,190,207,164.999999999996,-126,84
126.415,190,205,162.999999999998,-123,84
126.522,190,208,161.999999999996,-121,84
126.628,190,204,162.999999999998,-118,84
126.744,190,204,161.999999999996,-115,84
126.853,190,204,164.999999999996,-113,84
126.959,190,205,162.999999999998,-110,84
127.064,190,206,172.999999999998,-110,84
127.171,190,205,166.999999999998,-110,84
127.276,190,203,161.999999999996,-109,84
127.392,190,205,163.999999999998,-110,84
127.503,190,208,163.999999999998,-109,84
127.607,190,208,163.999999999998,-109,84
127.727,190,208,165.999999999998,-110,84
127.842,190,209,163.999999999998,-110,84
127.947,190,209,166.999999999998,-110,84
128.059,190,210,172.0,-110,84
128.175,190,215,169.999999999998,-110,84
128.289,190,212,166.999999999998,-110,84
128.396,190,213,157.999999999998,-110,84
128.504,190,211,157.999999999998,-110,84
128.609,190,209,160.999999999998,-110,84
128.725,190,206,162.999999999998,-110,84
128.834,190,207,160.999999999998,-110,84
128.934,190,207,160.999999999998,-110,84
129.040,190,203,158.999999999996,-110,84
129.143,190,203,156.999999999998,-110,84
129.252,190,203,159.999999999998,-110,84
129.358,190,201,158.999999999996,-110,83
129.459,190,201,157.999999999998,-110,83
129.576,190,199,157.999999999998,-110,83
129.690,190,201,160.999999999998,-110,83
129.791,190,203,160.999999999998,-110,83
129.894,190,203,160.999999999998,-110,83
129.999,190,202,155.999999999996,-110,83
130.102,190,206,163.999999999998,-110,83
130.209,190,208,165.999999999998,-110,83
130.325,190,211,160.999999999998,-110,83
130.430,190,211,160.999999999998,-110,83
130.536,190,212,165.999999999998,-110,83
130.639,190,216,156.999999999998,-110,83
130.755,190,213,165.999999999998,-110,83
130.863,190,218,164.999999999996,-110,83
130.967,200,217,159.999999999998,-110,83
131.076,200,216,164.999999999996,-110,83
131.189,200,216,169.999999999998,-110,83
131.302,200,216,165.999999999998,-110,83
131.406,200,214,172.0,-110,83
131.510,200,210,162.999999999998,-110,83
131.622,200,212,162.999999999998,-110,83
131.726,190,208,162.999999999998,-110,83
131.840,190,209,162.999999999998,-110,83
131.941,190,209,162.999999999998,-110,83
132.045,190,207,156.999999999998,-110,83
132.152,190,207,156.999999999998,-110,83
132.256,190,205,156.999999999998,-110,83
132.360,190,202,153.999999999998,-110,83
132.469,190,200,156.999999999998,-110,83
132.575,190,203,162.999999999998,-110,83
132.688,190,200,153.0,-109,83
132.793,180,199,153.999999999998,-108,83
132.907,180,198,156.999999999998,-108,83
133.024,180,197,169.999999999998,-108,83
133.136,180,198,157.999999999998,-107,83
133.236,180,199,161.999999999996,-104,83
133.343,180,199,159.999999999998,-102,83
133.456,180,203,161.999999999996,-99,83
133.576,180,201,165.999999999998,-97,83
133.690,190,204,165.999999999998,-97,83
133.803,190,205,167.999999999998,-97,83
133.918,190,205,161.999999999996,-97,83
134.019,190,207,161.999999999996,-97,83
134.125,190,206,154.999999999998,-97,83
134.227,190,206,162.999999999998,-97,83
134.330,190,207,158.999999999996,-97,83
134.438,190,204,160.999999999998,-97,83
134.542,190,207,156.999999999998,-97,83
134.653,190,206,147.999999999998,-97,83
134.758,190,204,153.0,-97,83
134.860,190,206,150.999999999998,-97,83
134.961,190,206,156.999999999998,-97,83
135.075,190,203,153.999999999998,-97,83
135.176,190,203,153.999999999998,-97,83
135.287,190,206,154.999999999998,-97,83
135.401,190,203,153.999999999998,-97,83
135.508,190,203,159.999999999998,-97,83
135.609,190,205,155.999999999996,-97,83
135.709,190,202,155.999999999996,-97,83
135.813,190,204,158.999999999996,-97,83
135.920,190,202,150.0,-97,83
136.027,190,203,147.999999999998,-97,83
136.143,190,205,153.999999999998,-97,83
136.256,190,202,154.999999999998,-97,83
136.358,190,202,163.999999999998,-97,83
136.459,190,200,167.999999999998,-97,83
136.569,190,203,153.999999999998,-93,83
136.673,190,203,153.999999999998,-93,83
136.783,190,201,150.999999999998,-88,83
136.887,190,201,150.999999999998,-88,83
136.992,190,201,154.999999999998,-87,83
137.098,180,200,159.999999999998,-87,83
137.209,180,200,158.999999999996,-87,83
137.315,180,203,156.999999999998,-87,82
137.417,190,204,154.999999999998,-87,82
137.522,190,203,151.999999999998,-87,82
137.632,190,203,156.999999999998,-87,82
137.732,190,202,154.999999999998,-87,82
137.836,190,206,154.999999999998,-87,82
137.937,190,201,155.999999999996,-87,82
138.038,190,205,150.0,-87,82
138.144,190,205,150.0,-87,82
138.251,190,207,155.999999999996,-87,82
138.364,190,204,159.999999999998,-87,82
138.473,190,204,153.999999999998,-87,82
138.584,190,205,150.999999999998,-87,82
138.685,190,208,144.0,-87,82
138.793,190,205,150.0,-87,82
138.896,190,205,156.999999999998,-87,82
139.009,190,205,156.999999999998,-87,82
139.117,190,208,145.999999999998,-87,82
139.223,190,206,147.999999999998,-87,82
139.326,190,204,154.999999999998,-87,82
139.435,190,207,156.999999999998,-87,82
139.545,190,206,144.0,-87,82
139.659,190,207,151.999999999998,-87,82
139.769,190,205,153.999999999998,-87,82
139.874,190,203,150.999999999998,-87,82
139.982,190,203,150.0,-86,82
140.087,190,200,144.0,-80,82
140.192,190,200,140.999999999998,-78,82
140.295,190,200,140.999999999998,-78,82
140.409,180,199,141.999999999998,-72,82
140.519,180,199,141.999999999998,-72,82
140.624,180,199,140.999999999998,-70,82
140.736,180,200,144.999999999998,-70,82
140.842,180,199,147.0,-70,82
140.953,180,201,145.999999999998,-70,82
141.060,180,205,144.0,-70,82
141.177,190,204,140.999999999998,-70,82
141.281,190,210,148.999999999998,-70,82
141.388,190,207,150.0,-70,82
141.488,190,206,150.0,-70,82
141.595,190,206,147.999999999998,-70,82
141.700,190,203,150.0,-70,82
141.806,190,204,148.999999999998,-70,82
141.917,190,203,148.999999999998,-70,82
142.017,190,202,144.0,-70,82
142.120,190,200,144.999999999998,-70,82
142.228,190,200,140.999999999998,-70,82
142.337,190,203,147.0,-70,82
142.444,190,208,147.0,-70,82
142.553,190,211,142.999999999998,-70,82
142.658,190,215,145.999999999998,-70,82
142.759,190,218,150.0,-70,82
142.873,190,217,148.999999999998,-70,82
142.979,190,216,148.999999999998,-70,82
143.084,190,217,140.999999999998,-70,82
143.207,200,218,147.999999999998,-70,82
143.308,200,218,138.999999999998,-70,81
143.422,200,214,142.999999999998,-70,81
143.529,200,214,147.999999999998,-68,81
143.637,200,211,144.999999999998,-65,81
143.745,200,211,144.999999999998,-65,81
143.853,190,208,135.999999999998,-61,81
143.960,190,203,141.999999999998,-58,81
144.071,190,208,142.999999999998,-56,81
144.191,190,207,145.999999999998,-53,81
144.295,190,201,138.999999999998,-51,81
144.400,190,205,140.999999999998,-51,81
144.504,190,202,136.999999999996,-51,81
144.608,190,199,138.999999999998,-51,81
144.711,190,204,142.999999999998,-51,81
144.820,190,203,140.999999999998,-51,81
144.921,190,203,136.999999999996,-51,81
145.023,190,201,132.999999999998,-51,81
145.126,190,203,144.0,-51,81
145.235,190,201,140.999999999998,-51,81
145.339,190,202,136.999999999996,-50,81
145.454,190,202,136.999999999996,-51,81
145.558,190,204,131.999999999998,-51,81
145.659,190,201,136.999999999996,-51,81
145.760,190,200,138.999999999998,-51,81
145.872,190,203,142.999999999998,-51,81
145.976,190,207,132.999999999998,-51,81
146.084,190,205,135.999999999998,-51,81
146.194,190,203,140.999999999998,-51,81
146.303,190,205,141.999999999998,-51,81
146.409,190,206,135.999999999998,-51,81
146.516,190,210,139.999999999996,-51,81
146.625,190,212,140.999999999998,-51,81
146.734,190,209,147.999999999998,-51,81
146.839,190,206,140.999999999998,-51,81
146.947,190,206,140.999999999998,-51,81
147.050,190,209,138.999999999998,-51,81
147.157,190,210,140.999999999998,-51,81
147.262,190,207,136.999999999996,-51,81
147.362,190,209,144.0,-51,81
147.468,190,207,142.999999999998,-51,81
147.572,190,207,142.999999999998,-51,81
147.681,190,203,140.999999999998,-50,81
147.794,190,197,138.999999999998,-48,81
147.906,190,199,135.999999999998,-46,81
148.021,190,204,139.999999999996,-43,81
148.122,180,203,137.999999999998,-41,81
148.242,180,206,142.999999999998,-38,81
148.356,190,206,136.999999999996,-35,81
148.460,190,210,137.999999999998,-32,81
148.570,190,208,142.999999999998,-27,81
148.675,190,212,150.0,-27,81
148.783,190,212,153.0,-26,81
148.887,190,210,142.999999999998,-26,81
148.993,190,214,150.0,-26,81
149.105,190,213,137.999999999998,-26,81
149.207,190,211,145.999999999998,-26,81
149.310,190,216,147.999999999998,-26,81
149.424,190,213,153.999999999998,-26,81
149.531,190,212,150.999999999998,-26,81
149.642,190,209,145.999999999998,-26,81
149.749,190,210,147.999999999998,-26,81
149.852,190,207,147.999999999998,-26,81
149.959,190,204,148.999999999998,-26,81
150.074,190,205,150.0,-26,81
150.174,190,203,141.999999999998,-26,81
150.287,190,203,147.999999999998,-26,81
150.395,190,200,147.999999999998,-26,80
150.506,190,201,147.0,-27,80
150.620,190,201,142.999999999998,-27,80
150.735,190,202,141.999999999998,-27,80
150.842,190,200,144.0,-27,80
150.957,180,200,139.999999999996,-27,80
151.059,180,202,140.999999999998,-27,80
151.169,180,202,140.999999999998,-27,80
151.276,180,202,145.999999999998,-26,80
151.384,180,200,147.0,-26,80
151.492,190,200,147.999999999998,-26,80
151.601,190,199,144.0,-26,80
151.709,190,204,142.999999999998,-26,80
151.820,180,203,145.999999999998,-26,80
151.924,190,203,147.0,-26,80
152.037,190,204,145.999999999998,-26,80
152.143,190,206,144.999999999998,-26,80
152.247,190,205,151.999999999998,-26,80
152.356,190,205,150.999999999998,-26,80
152.463,190,206,141.999999999998,-26,80
152.574,190,207,150.0,-26,80
152.675,190,205,144.999999999998,-26,80
152.794,190,205,144.999999999998,-26,80
152.900,190,203,148.999999999998,-26,80
153.017,190,203,148.999999999998,-26,80
153.121,190,204,148.999999999998,-26,80
153.231,190,205,151.999999999998,-26,80
153.338,190,204,151.999999999998,-26,80
153.447,190,203,142.999999999998,-26,80
153.557,190,202,147.0,-26,80
153.657,190,204,153.999999999998,-26,80
153.763,190,206,147.0,-27,80
153.878,190,205,144.0,-27,80
153.993,190,203,140.999999999998,-27,80
154.101,190,203,144.999999999998,-27,80
154.201,190,204,150.999999999998,-27,80
154.309,190,203,139.999999999996,-27,80
154.417,190,203,144.999999999998,-27,80
154.523,190,203,141.999999999998,-27,80
154.637,190,206,141.999999999998,-27,80
154.741,190,206,144.999999999998,-27,80
154.843,190,207,139.999999999996,-27,80
154.951,190,209,141.999999999998,-27,80
155.057,190,207,145.999999999998,-27,80
155.173,190,206,144.999999999998,-26,80
155.283,190,207,147.0,-24,80
155.395,190,209,147.999999999998,-19,80
155.502,190,205,139.999999999996,-17,80
155.611,190,204,140.999999999998,-14,80
155.726,190,206,145.999999999998,-12,80
155.827,190,205,147.999999999998,-11,80
155.930,190,208,147.0,-11,80
156.041,190,205,140.999999999998,-11,80
156.143,190,206,140.999999999998,-11,80
156.248,190,205,144.999999999998,-11,80
156.361,190,207,141.999999999998,-11,80
156.467,190,205,141.999999999998,-11,80
156.575,190,204,144.0,-11,80
156.683,190,203,144.999999999998,-11,80
156.791,190,203,147.0,-11,80
156.892,190,202,142.999999999998,-11,80
157.001,190,202,141.999999999998,-11,80
157.112,190,201,144.0,-11,80
157.218,190,201,150.999999999998,-11,80
157.325,190,201,147.0,-11,80
157.429,190,203,153.0,-11,80
157.543,190,207,150.0,-11,80
157.656,190,203,147.999999999998,-11,80
157.762,190,208,147.999999999998,-11,80
157.877,190,204,147.999999999998,-11,80
157.994,190,204,147.0,-11,80
158.098,190,204,147.999999999998,-11,80
158.210,190,206,147.0,-11,80
158.325,190,207,154.999999999998,-11,80
158.427,190,208,153.0,-11,80
158.527,190,206,156.999999999998,-11,80
158.628,190,208,154.999999999998,-11,80
158.737,190,208,151.999999999998,-11,80
158.842,190,208,153.0,-11,80
158.950,190,207,144.999999999998,-11,80
159.053,190,207,147.0,-11,80
159.166,190,210,144.0,-11,80
159.276,190,206,147.999999999998,-11,80
159.384,190,205,141.999999999998,-11,80
159.497,190,207,147.999999999998,-11,80
159.606,190,207,153.0,-11,80
159.712,190,205,148.999999999998,-11,80
159.820,190,205,145.999999999998,-11,80
159.924,190,205,145.999999999998,-11,80
160.027,190,204,147.0,-11,80
160.143,190,204,145.999999999998,-11,80
160.260,190,208,150.0,-11,80
160.368,190,206,139.999999999996,-11,80
160.474,190,206,135.999999999998,-11,80
160.576,190,205,140.999999999998,-11,80
160.680,190,203,144.999999999998,-11,80
160.792,190,205,140.999999999998,-11,80
160.905,190,207,147.0,-11,80
161.010,190,205,140.999999999998,-11,80
161.118,190,204,148.999999999998,-11,80
161.223,190,203,147.999999999998,-11,80
161.331,190,203,147.0,-11,79
161.441,190,203,148.999999999998,-11,79
161.549,190,205,148.999999999998,-11,79
161.654,190,204,150.0,-11,79
161.763,190,200,155.999999999996,-11,79
161.876,190,203,153.0,-11,79
161.978,190,204,145.999999999998,-11,79
162.091,190,204,145.999999999998,-11,79
162.195,190,204,150.0,-11,79
162.301,190,204,150.0,-11,79
162.411,190,206,147.0,-11,79
162.517,190,206,147.0,-11,79
162.619,190,208,150.999999999998,-11,79
162.727,190,208,150.999999999998,-11,79
162.827,190,209,154.999999999998,-11,79
162.933,190,209,154.999999999998,-11,79
163.048,190,208,145.999999999998,-11,79
163.160,190,208,145.999999999998,-11,79
163.269,190,207,156.999999999998,-11,79
163.376,190,207,156.999999999998,-11,79
163.492,190,207,156.999999999998,-11,79
163.596,190,205,159.999999999998,-11,79
163.706,190,205,159.999999999998,-11,79
163.818,190,204,150.999999999998,-11,79
163.927,190,204,150.999999999998,-11,79
164.040,190,204,150.999999999998,-11,79
164.145,190,204,151.999999999998,-11,79
164.251,190,204,151.999999999998,-11,79
164.359,190,203,147.0,-11,79
164.462,190,203,147.0,-11,79
164.567,190,205,151.999999999998,-11,79
164.671,190,205,151.999999999998,-11,79
164.776,190,210,150.0,-11,79
164.893,190,210,150.0,-11,79
164.996,190,208,148.999999999998,-11,79
165.110,190,208,148.999999999998,-11,79
165.213,190,209,145.999999999998,-11,79
165.326,190,209,145.999999999998,-11,79
165.434,190,208,148.999999999998,-11,79
165.542,190,208,148.999999999998,-11,79
165.645,190,207,140.999999999998,-11,79
165.757,190,208,150.999999999998,-11,79
165.862,190,207,147.0,-11,79
165.965,190,207,141.999999999998,-11,79
166.068,190,205,153.0,-11,79
166.177,190,205,153.999999999998,-11,79
166.287,190,206,151.999999999998,-11,79
166.403,190,206,142.999999999998,-11,79
166.510,190,206,142.999999999998,-11,79
166.611,190,205,147.999999999998,-11,79
166.721,190,196,145.999999999998,-11,79
166.825,190,199,141.999999999998,-11,79
166.939,190,201,151.999999999998,-11,79
167.059,180,206,144.999999999998,-11,79
167.166,190,208,147.0,-11,79
167.271,190,206,147.0,-11,79
167.376,190,206,151.999999999998,-11,78
167.477,190,209,150.0,-11,78
167.590,190,205,150.0,-11,78
167.705,190,210,148.999999999998,-11,78
167.807,190,208,147.0,-11,78
167.909,190,210,142.999999999998,-11,78
168.017,190,211,153.0,-11,78
168.122,190,211,153.0,-11,78
168.229,190,209,153.999999999998,-11,78
168.330,190,207,147.999999999998,-11,78
168.436,190,209,147.999999999998,-11,78
168.559,190,207,147.0,-11,78
168.660,190,205,145.999999999998,-11,78
168.778,190,205,145.999999999998,-11,78
168.891,190,205,144.999999999998,-11,78
168.994,190,205,139.999999999996,-11,78
169.110,190,204,140.999999999998,-11,78
169.226,190,204,140.999999999998,-11,78
169.329,190,203,141.999999999998,-11,78
169.442,190,200,141.999999999998,-11,78
169.550,190,201,141.999999999998,-11,78
169.664,190,202,135.999999999998,-11,78
169.769,190,200,144.0,-11,78
169.873,190,201,145.999999999998,-11,78
169.982,190,205,150.0,-11,78
170.087,190,202,142.999999999998,-11,78
170.192,190,204,140.999999999998,-11,78
170.304,190,203,144.999999999998,-11,78
170.418,190,203,142.999999999998,-11,78
170.526,190,203,147.0,-11,78
170.635,190,206,147.999999999998,-11,78
170.743,190,206,147.0,-11,78
170.859,190,206,145.999999999998,-11,78
170.974,190,205,144.999999999998,-11,78
171.090,190,206,153.0,-11,78
171.196,190,204,154.999999999998,-11,78
171.301,190,207,148.999999999998,-11,78
171.402,190,207,148.999999999998,-11,78
171.510,190,207,148.999999999998,-11,78
171.613,190,206,147.0,-11,78
171.727,190,204,147.999999999998,-11,78
171.843,190,205,148.999999999998,-11,78
171.946,190,205,148.999999999998,-11,78
