frame_idx,t_rel
0,0.241
1,0.274
2,0.290
3,0.304
4,0.324
5,0.336
6,0.353
7,0.402
8,0.415
9,0.466
10,0.496
11,0.527
12,0.559
13,0.610
14,0.625
15,0.656
16,0.703
17,0.737
18,0.752
19,0.794
20,0.926
21,0.939
22,0.956
23,1.010
24,1.028
25,1.123
26,1.140
27,1.156
28,1.226
29,1.425
30,1.446
31,1.492
32,1.506
33,1.523
34,1.541
35,1.561
36,1.622
37,1.639
38,1.670
39,1.735
40,1.752
41,1.783
42,1.835
43,1.864
44,2.044
45,2.056
46,2.170
47,2.184
48,2.202
49,2.234
50,2.267
51,2.552
52,2.570
53,3.303
54,3.397
55,3.477
56,3.495
57,3.610
58,3.689
59,3.702
60,3.783
61,3.802
62,3.992
63,4.007
64,4.024
65,4.088
66,4.188
67,4.197
68,4.213
69,4.294
70,4.311
71,4.524
72,4.532
73,4.550
74,4.599
75,4.700
76,4.714
77,4.728
78,4.805
79,4.822
80,5.001
81,5.015
82,5.029
83,5.110
84,5.125
85,5.222
86,5.333
87,5.515
88,5.529
89,6.358
90,6.375
91,6.382
92,6.450
93,6.485
94,6.549
95,6.562
96,6.643
97,6.662
98,6.759
99,6.859
100,6.872
101,7.161
102,7.175
103,7.192
104,7.204
105,7.216
106,7.257
107,7.270
108,7.475
109,7.492
110,7.504
111,7.573
112,7.679
113,7.695
114,7.707
115,7.778
116,7.873
117,7.889
118,7.985
119,8.084
120,8.099
121,8.193
122,8.290
123,8.307
124,8.598
125,8.608
126,8.628
127,8.640
128,8.704
129,8.736
130,8.901
131,8.933
132,9.004
133,9.105
134,9.125
135,9.320
136,9.350
137,9.411
138,9.429
139,9.522
140,9.721
141,9.753
142,9.832
143,9.926
144,9.940
145,10.020
146,10.037
147,10.053
148,10.344
149,10.363
150,10.378
151,10.392
152,10.435
153,10.467
154,10.551
155,10.741
156,10.757
157,10.774
158,10.787
159,10.851
160,10.947
161,10.966
162,11.064
163,11.153
164,11.165
165,11.254
166,11.272
167,11.365
168,11.379
169,11.408
170,11.456
171,11.468
172,11.573
173,11.669
174,11.681
175,11.781
176,11.893
177,11.902
178,11.970
179,11.983
180,11.996
181,12.082
182,12.098
183,12.276
184,12.293
185,12.311
186,12.321
187,12.425
188,12.440
189,12.484
190,12.495
191,12.596
192,12.692
193,12.789
194,12.798
195,12.885
196,12.895
197,12.995
198,13.008
199,13.218
200,13.303
201,13.311
202,13.325
203,13.338
204,13.363
205,13.413
206,13.426
207,13.623
208,13.637
209,13.645
210,13.714
211,13.860
212,13.922
213,14.021
214,14.030
215,14.129
216,14.327
217,14.341
218,14.352
219,14.435
220,14.532
221,14.548
222,14.643
223,14.657
224,14.737
225,14.746
226,14.757
227,14.783
228,14.832
229,15.058
230,15.089
231,15.149
232,15.244
233,15.257
234,15.357
235,15.390
236,15.419
237,15.453
238,16.890
239,16.904
240,16.986
241,17.000
242,17.097
243,17.114
244,17.132
245,17.196
246,17.309
247,17.417
248,17.433
249,17.451
250,17.497
251,17.515
252,17.609
253,17.627
254,17.916
255,17.930
256,17.949
257,18.011
258,18.025
259,18.125
260,18.154
261,18.219
262,18.321
263,18.344
264,18.361
265,18.428
266,18.522
267,18.537
268,18.735
269,18.767
270,18.780
271,18.846
272,18.861
273,18.938
274,18.951
275,19.147
276,19.160
277,19.343
278,19.369
279,19.404
280,19.546
281,19.561
282,19.576
283,19.659
284,19.934
285,19.963
286,19.977
287,20.057
288,20.074
289,20.089
290,24.449
291,24.546
292,24.563
293,24.580
294,24.596
295,24.609
296,24.681
297,24.718
298,24.731
299,24.765
300,24.831
301,24.848
302,24.861
303,24.894
304,24.949
305,24.998
306,25.064
307,25.075
308,25.097
309,25.135
310,25.197
311,25.212
312,25.248
313,25.262
314,25.296
315,25.312
316,25.383
317,25.394
318,25.444
319,25.512
320,25.578
321,25.606
322,25.681
323,25.695
324,25.739
325,25.796
326,25.868
327,25.900
328,25.979
329,25.996
330,26.065
331,26.102
332,26.173
333,26.197
334,26.228
335,26.294
336,26.311
337,26.376
338,26.407
339,26.432
340,26.514
341,26.529
342,26.580
343,26.612
344,26.631
345,26.675
346,26.745
347,26.764
348,26.794
349,26.829
350,26.863
351,26.908
352,26.929
353,26.978
354,27.029
355,27.040
356,27.058
357,27.093
358,27.134
359,27.235
360,27.243
361,27.293
362,27.306
363,27.409
364,27.458
365,27.497
366,27.578
367,27.591
368,27.648
369,27.680
370,27.697
371,27.738
372,27.797
373,27.814
374,27.862
375,27.909
376,27.927
377,27.965
378,28.028
379,28.048
380,28.091
381,28.115
382,28.132
383,28.218
384,28.231
385,28.258
386,28.265
387,28.364
388,28.396
389,28.445
390,28.472
391,28.491
392,28.564
393,28.606
394,28.633
395,28.660
396,28.725
397,28.740
398,28.765
399,28.845
400,28.856
401,28.908
402,28.945
403,28.965
404,29.006
405,29.060
406,29.075
407,29.118
408,29.134
409,29.180
410,29.197
411,29.245
412,29.263
413,29.298
414,29.346
415,29.364
416,29.428
417,29.446
418,29.488
419,29.512
420,29.563
421,29.583
422,29.605
423,29.638
424,29.695
425,29.736
426,29.761
427,29.794
428,29.846
429,29.864
430,29.916
431,29.956
432,29.980
433,29.997
434,30.028
435,30.080
436,30.105
437,30.191
438,30.233
439,30.297
440,30.322
441,30.364
442,30.408
443,30.474
444,30.508
445,30.541
446,30.556
447,30.614
448,30.631
449,30.714
450,30.748
451,30.805
452,30.829
453,30.853
454,30.879
455,30.942
456,30.991
457,31.012
458,31.037
459,31.058
460,31.107
461,31.128
462,31.163
463,31.246
464,31.303
465,31.327
466,31.369
467,31.426
468,31.442
469,31.497
470,31.537
471,31.581
472,31.647
473,31.697
474,31.714
475,31.730
476,31.801
477,31.834
478,31.932
479,31.942
480,31.997
481,32.050
482,32.064
483,32.095
484,32.164
485,32.232
486,32.263
487,32.312
488,32.331
489,32.364
490,32.397
491,32.433
492,32.468
493,32.497
494,32.531
495,32.564
496,32.664
497,32.713
498,32.729
499,32.765
500,32.814
501,32.828
502,32.864
503,32.929
504,32.973
505,33.014
506,33.049
507,33.080
508,33.112
509,33.128
510,33.162
511,33.241
512,33.267
513,33.362
514,33.377
515,33.398
516,33.427
517,33.495
518,33.611
519,33.644
520,33.663
521,33.696
522,33.758
523,33.774
524,33.815
525,33.873
526,33.897
527,33.969
528,33.986
529,34.009
530,34.051
531,34.076
532,34.091
533,34.150
534,34.174
535,34.210
536,34.231
537,34.314
538,34.380
539,34.397
540,34.430
541,34.459
542,34.525
543,34.550
544,34.563
545,34.597
546,34.645
547,34.664
548,34.695
549,34.759
550,34.814
551,34.856
552,34.873
553,34.905
554,34.995
555,35.017
556,35.040
557,35.096
558,35.114
559,35.156
560,35.180
561,35.230
562,35.279
563,35.299
564,35.311
565,35.398
566,35.448
567,35.494
568,35.523
569,35.614
570,35.630
571,35.664
572,35.727
573,35.746
574,35.814
575,35.836
576,35.943
577,35.991
578,36.033
579,36.175
580,36.200
581,36.228
582,36.282
583,36.296
584,36.315
585,36.364
586,36.400
587,36.439
588,36.560
589,36.576
590,36.620
591,36.643
592,36.660
593,36.710
594,36.745
595,36.775
596,36.793
597,36.885
598,36.912
599,36.969
600,37.003
601,37.059
602,37.130
603,37.161
604,37.203
605,37.265
606,37.278
607,37.330
608,37.365
609,37.449
610,37.464
611,37.498
612,37.563
613,37.615
614,37.630
615,37.677
616,37.692
617,37.741
618,37.766
619,37.861
620,37.877
621,37.895
622,37.946
623,37.982
624,37.995
625,38.044
626,38.063
627,38.105
628,38.167
629,38.191
630,38.201
631,38.250
632,38.321
633,38.338
634,38.362
635,38.396
636,38.448
637,38.477
638,38.513
639,38.579
640,38.599
641,38.614
642,38.712
643,38.731
644,38.764
645,38.798
646,38.831
647,38.870
648,38.925
649,38.949
650,38.981
651,38.996
652,39.063
653,39.105
654,39.184
655,39.208
656,39.250
657,39.264
658,39.326
659,39.343
660,39.395
661,39.414
662,39.447
663,39.472
664,39.513
665,39.579
666,39.597
667,39.650
668,39.700
669,39.731
670,39.818
671,39.842
672,39.895
673,39.944
674,39.958
675,40.009
676,40.048
677,40.065
678,40.147
679,40.164
680,40.197
681,40.262
682,40.303
683,40.331
684,40.357
685,40.423
686,40.444
687,40.482
688,40.498
689,40.531
690,40.562
691,40.646
692,40.663
693,40.697
694,40.710
695,40.780
696,40.846
697,40.863
698,40.879
699,40.896
700,40.946
701,40.973
702,42.836
703,42.898
704,42.931
705,42.962
706,42.995
707,43.025
708,43.090
709,43.108
710,43.129
711,43.162
712,43.210
713,43.237
714,43.278
715,43.301
716,43.317
717,43.392
718,43.412
719,43.425
720,43.496
721,43.531
722,43.611
723,43.632
724,43.655
725,43.671
726,43.712
727,43.725
728,43.812
729,43.882
730,43.929
731,43.944
732,43.963
733,44.069
734,44.090
735,44.118
736,44.134
737,44.192
738,44.202
739,44.250
740,44.299
741,44.313
742,44.448
743,44.464
744,44.497
745,44.563
746,44.608
747,44.628
748,44.680
749,44.693
750,44.764
751,44.808
752,44.824
753,44.840
754,44.863
755,44.912
756,44.945
757,44.978
758,45.042
759,45.061
760,45.104
761,45.159
762,45.183
763,45.227
764,45.265
765,45.298
766,45.314
767,45.425
768,45.444
769,45.474
770,45.536
771,45.550
772,45.564
773,45.646
774,45.664
775,45.766
776,45.781
777,45.813
778,45.863
779,45.875
780,45.928
781,45.993
782,46.007
783,46.034
784,46.228
785,46.243
786,48.390
787,48.414
788,48.426
789,48.441
790,48.460
791,48.479
792,48.514
793,48.527
794,48.564
795,48.626
796,48.642
797,48.685
798,48.708
799,48.765
800,48.846
801,48.919
802,48.942
803,48.981
804,48.998
805,49.047
806,49.068
807,49.098
808,49.131
809,49.164
810,49.197
811,49.238
812,49.274
813,49.365
814,49.396
815,49.455
816,49.471
817,49.508
818,49.562
819,49.580
820,49.596
821,49.660
822,49.746
823,49.764
824,49.841
825,49.860
826,49.908
827,49.949
828,49.962
829,50.029
830,50.040
831,50.064
832,50.132
833,50.159
834,50.169
835,50.200
836,50.266
837,50.277
838,50.310
839,50.407
840,50.429
841,50.455
842,50.493
843,50.530
844,50.565
845,50.594
846,50.640
847,50.681
848,50.712
849,50.728
850,50.776
851,50.824
852,50.841
853,50.896
854,50.931
855,50.996
856,51.015
857,51.031
858,51.064
859,51.117
860,51.132
861,51.175
862,51.193
863,51.242
864,51.279
865,51.307
866,51.324
867,51.382
868,51.416
869,51.496
870,51.515
871,51.536
872,51.611
873,51.625
874,51.647
875,51.677
876,51.749
877,51.759
878,51.798
879,51.831
880,51.900
881,51.942
882,52.025
883,52.095
884,52.141
885,52.159
886,52.176
887,52.208
888,52.232
889,52.330
890,52.350
891,52.378
892,52.415
893,52.463
894,52.495
895,52.514
896,52.546
897,52.593
898,52.631
899,52.659
900,52.718
901,52.743
902,52.768
903,54.095
904,54.164
905,54.179
906,54.256
907,54.283
908,54.298
909,54.326
910,54.416
911,54.429
912,54.482
913,54.496
914,54.547
915,54.562
916,54.613
917,54.658
918,54.690
919,54.714
920,54.749
921,54.799
922,54.830
923,54.863
924,54.890
925,54.935
926,55.013
927,55.039
928,55.090
929,55.130
930,55.146
931,55.176
932,55.195
933,55.267
934,55.278
935,55.295
936,55.364
937,55.415
938,55.440
939,55.456
940,55.498
941,55.593
942,55.615
943,55.631
944,55.714
945,55.745
946,55.829
947,55.922
948,55.946
949,56.013
950,56.079
951,56.095
952,56.193
953,56.231
954,56.297
955,56.360
956,56.379
957,56.404
958,56.440
959,56.495
960,56.527
961,56.594
962,56.609
963,56.627
964,56.693
965,56.704
966,56.732
967,56.816
968,56.832
969,56.892
970,56.928
971,57.008
972,57.035
973,57.112
974,57.133
975,57.161
976,57.213
977,57.231
978,57.281
979,57.294
980,57.322
981,57.398
982,57.463
983,57.494
984,57.541
985,57.559
986,57.629
987,57.677
988,57.696
989,57.730
990,57.765
991,57.790
992,57.855
993,57.877
994,58.914
995,58.932
996,58.962
997,58.997
998,59.048
999,59.066
1000,59.108
1001,59.147
1002,59.165
1003,59.413
1004,59.428
1005,59.490
1006,59.514
1007,59.557
1008,59.576
1009,59.605
1010,59.633
1011,59.683
1012,59.697
1013,59.730
1014,59.760
1015,59.797
1016,59.867
1017,59.901
1018,59.925
1019,59.983
1020,59.995
1021,60.041
1022,60.092
1023,60.108
1024,60.124
1025,60.226
1026,60.243
1027,60.258
1028,60.299
1029,60.331
1030,60.361
1031,60.396
1032,60.448
1033,60.513
1034,60.553
1035,60.579
1036,60.628
1037,60.693
1038,60.726
1039,60.801
1040,60.826
1041,60.874
1042,60.907
1043,60.929
1044,60.980
1045,61.100
1046,61.147
1047,61.158
1048,61.192
1049,61.213
1050,61.247
1051,61.262
1052,61.339
1053,61.354
1054,61.398
1055,61.415
1056,61.428
1057,61.466
1058,61.492
1059,61.530
1060,61.596
1061,61.638
1062,61.656
1063,61.709
1064,61.736
1065,61.759
1066,61.815
1067,61.832
1068,61.897
1069,61.914
1070,61.930
1071,61.965
1072,62.078
1073,62.097
1074,62.106
1075,62.139
1076,62.160
1077,62.208
1078,62.232
1079,62.281
1080,62.308
1081,62.328
1082,62.371
1083,62.450
1084,62.465
1085,62.512
1086,62.566
1087,62.582
1088,62.607
1089,62.631
1090,62.674
1091,62.742
1092,62.759
1093,62.776
1094,62.808
1095,62.880
1096,62.899
1097,62.984
1098,63.001
1099,63.049
1100,63.065
1101,63.107
1102,63.177
1103,63.205
1104,63.243
1105,63.270
1106,63.295
1107,63.320
1108,63.391
1109,63.412
1110,63.462
1111,63.482
1112,63.497
1113,63.530
1114,63.596
1115,63.710
1116,63.727
1117,63.736
1118,63.752
1119,63.767
1120,63.799
1121,63.832
1122,63.879
1123,63.897
1124,63.960
1125,64.001
1126,64.030
1127,64.124
1128,64.146
1129,64.211
1130,64.227
1131,65.319
1132,65.341
1133,65.360
1134,65.382
1135,65.396
1136,65.447
1137,65.462
1138,65.479
1139,65.495
1140,65.536
1141,65.568
1142,65.601
1143,65.636
1144,65.756
1145,65.779
1146,65.797
1147,65.835
1148,65.872
1149,65.942
1150,65.967
1151,65.995
1152,66.034
1153,66.065
1154,66.146
1155,66.170
1156,66.210
1157,66.243
1158,66.259
1159,66.316
1160,66.414
1161,66.430
1162,66.472
1163,66.530
1164,66.545
1165,66.565
1166,66.614
1167,66.630
1168,66.662
1169,66.705
1170,66.729
1171,66.807
1172,66.830
1173,66.863
1174,66.898
1175,66.931
1176,66.966
1177,67.046
1178,67.066
1179,67.116
1180,67.129
1181,67.157
1182,67.246
1183,67.344
1184,67.359
1185,67.413
1186,67.571
1187,67.595
1188,67.620
1189,67.764
1190,67.811
1191,67.966
1192,67.983
1193,67.999
1194,68.017
1195,68.186
1196,68.202
1197,68.390
1198,68.408
1199,68.432
1200,68.448
1201,68.664
1202,68.681
1203,68.697
1204,68.927
1205,68.944
1206,69.180
1207,69.196
1208,69.212
1209,69.431
1210,69.448
1211,71.306
1212,71.406
1213,71.425
1214,71.478
1215,71.489
1216,71.530
1217,71.574
1218,71.649
1219,71.674
1220,71.698
1221,71.766
1222,71.807
1223,71.847
1224,71.862
1225,71.962
1226,71.978
1227,71.995
1228,72.059
1229,72.073
1230,72.098
1231,72.147
1232,72.164
1233,72.193
1234,72.236
1235,72.316
1236,72.399
1237,72.424
1238,72.492
1239,72.525
1240,72.581
1241,72.599
1242,72.652
1243,72.670
1244,72.700
1245,72.758
1246,72.782
1247,72.828
1248,72.877
1249,72.894
1250,72.929
1251,72.993
1252,73.108
1253,73.124
1254,73.179
1255,73.204
1256,73.231
1257,73.279
1258,73.296
1259,73.315
1260,73.373
1261,73.389
1262,73.447
1263,73.460
1264,73.526
1265,73.546
1266,73.565
1267,73.624
1268,73.642
1269,73.692
1270,73.734
1271,73.762
1272,73.800
1273,73.832
1274,73.861
1275,73.909
1276,73.925
1277,73.966
1278,73.998
1279,74.029
1280,74.082
1281,74.098
1282,74.125
1283,74.216
1284,74.249
1285,74.263
1286,74.316
1287,74.326
1288,74.381
1289,74.396
1290,74.449
1291,74.465
1292,74.549
1293,74.564
1294,74.599
1295,74.632
1296,74.665
1297,74.728
1298,74.742
1299,74.761
1300,74.793
1301,74.842
1302,74.865
1303,74.949
1304,74.965
1305,75.066
1306,75.079
1307,75.097
1308,75.116
1309,75.147
1310,75.163
1311,75.200
1312,75.236
1313,75.261
1314,75.314
1315,75.330
1316,75.382
1317,75.407
1318,75.423
1319,75.471
1320,75.580
1321,75.613
1322,75.679
1323,75.747
1324,75.761
1325,75.855
1326,75.891
1327,75.908
1328,75.925
1329,75.965
1330,75.998
1331,76.030
1332,76.087
1333,76.112
1334,76.143
1335,76.159
1336,76.209
1337,76.266
1338,76.283
1339,76.298
1340,76.314
1341,76.413
1342,76.424
1343,76.493
1344,76.566
1345,76.580
1346,76.599
1347,76.648
1348,76.709
1349,76.758
1350,76.799
1351,76.832
1352,76.866
1353,76.895
1354,76.944
1355,76.963
1356,77.011
1357,77.070
1358,77.088
1359,77.102
1360,77.145
1361,77.182
1362,77.195
1363,77.249
1364,77.263
1365,77.309
1366,77.332
1367,77.427
1368,77.445
1369,77.461
1370,77.510
1371,77.535
1372,77.583
1373,77.624
1374,77.665
1375,77.681
1376,77.699
1377,77.799
1378,77.813
1379,77.832
1380,77.912
1381,77.932
1382,77.982
1383,78.026
1384,78.043
1385,78.064
1386,78.123
1387,78.148
1388,78.199
1389,78.232
1390,78.266
1391,78.311
1392,78.334
1393,78.383
1394,78.399
1395,78.424
1396,78.493
1397,78.509
1398,78.525
1399,78.617
1400,78.633
1401,78.666
1402,78.763
1403,78.866
1404,78.891
1405,78.908
1406,78.932
1407,78.967
1408,79.059
1409,79.076
1410,79.093
1411,79.160
1412,79.209
1413,79.252
1414,79.329
1415,79.346
1416,79.391
1417,79.404
1418,79.465
1419,79.490
1420,79.546
1421,79.560
1422,79.617
1423,79.629
1424,79.677
1425,79.735
1426,79.808
1427,79.824
1428,79.883
1429,82.396
1430,82.414
1431,82.430
1432,82.466
1433,82.541
1434,82.571
1435,82.627
1436,82.640
1437,82.701
1438,82.730
1439,82.770
1440,82.845
1441,82.864
1442,82.900
1443,82.946
1444,82.962
1445,82.997
1446,83.034
1447,83.107
1448,83.128
1449,83.161
1450,83.197
1451,83.233
1452,83.265
1453,83.307
1454,83.333
1455,83.363
1456,83.399
1457,83.441
1458,83.466
1459,83.524
1460,83.580
1461,83.593
1462,83.631
1463,83.680
1464,83.699
1465,83.734
1466,83.815
1467,83.827
1468,83.877
1469,83.896
1470,83.961
1471,83.976
1472,84.018
1473,85.392
1474,85.448
1475,85.464
1476,85.515
1477,85.546
1478,85.565
1479,85.599
1480,85.633
1481,85.717
1482,85.736
1483,85.775
1484,85.799
1485,85.910
1486,85.943
1487,85.959
1488,86.016
1489,86.040
1490,86.083
1491,86.108
1492,86.124
1493,86.177
1494,86.192
1495,86.236
1496,86.259
1497,86.293
1498,86.312
1499,86.366
1500,86.413
1501,86.426
1502,86.482
1503,86.548
1504,86.556
1505,86.622
1506,86.633
1507,86.666
1508,86.697
1509,86.733
1510,86.813
1511,86.827
1512,86.858
1513,86.923
1514,86.990
1515,87.024
1516,87.096
1517,87.136
1518,87.228
1519,87.237
1520,87.263
1521,87.343
1522,87.363
1523,87.386
1524,87.437
1525,87.451
1526,87.477
1527,87.546
1528,87.565
1529,87.599
1530,87.652
1531,87.679
1532,87.727
1533,87.734
1534,87.805
1535,87.816
1536,87.857
1537,87.927
1538,87.967
1539,88.026
1540,88.068
1541,88.092
1542,88.126
1543,88.164
1544,88.248
1545,88.262
1546,88.310
1547,88.449
1548,88.465
1549,88.526
1550,88.533
1551,88.558
1552,88.633
1553,88.655
1554,88.671
1555,88.764
1556,88.782
1557,88.872
1558,88.927
1559,88.943
1560,88.975
1561,88.992
1562,89.048
1563,89.068
1564,89.108
1565,89.170
1566,89.191
1567,89.248
1568,89.260
1569,89.299
1570,89.317
1571,89.392
1572,89.448
1573,89.465
1574,89.507
1575,89.564
1576,89.579
1577,89.596
1578,89.660
1579,89.692
1580,89.702
1581,89.768
1582,89.799
1583,89.814
1584,89.831
1585,89.863
1586,89.896
1587,89.977
1588,89.993
1589,90.030
1590,90.079
1591,90.093
1592,90.144
1593,90.199
1594,90.242
1595,90.283
1596,90.323
1597,90.396
1598,90.411
1599,90.435
1600,90.514
1601,90.526
1602,90.565
1603,90.643
1604,90.713
1605,90.750
1606,90.763
1607,90.812
1608,90.829
1609,90.871
1610,90.890
1611,90.929
1612,90.994
1613,91.008
1614,91.034
1615,91.062
1616,91.108
1617,91.131
1618,91.198
1619,91.229
1620,91.295
1621,91.310
1622,91.368
1623,91.400
1624,91.432
1625,91.511
1626,91.536
1627,91.564
1628,91.592
1629,91.629
1630,91.681
1631,91.692
1632,91.766
1633,91.830
1634,91.869
1635,91.896
1636,91.963
1637,92.062
1638,92.100
1639,92.131
1640,92.194
1641,92.211
1642,92.277
1643,92.293
1644,92.311
1645,92.396
1646,92.430
1647,92.474
1648,92.551
1649,92.567
1650,92.616
1651,92.682
1652,92.709
1653,92.720
1654,92.733
1655,92.778
1656,92.793
1657,92.860
1658,92.884
1659,92.895
1660,92.919
1661,92.965
1662,93.086
1663,93.097
1664,93.114
1665,93.126
1666,93.217
1667,93.254
1668,93.295
1669,93.316
1670,93.328
1671,93.432
1672,93.465
1673,93.498
1674,93.564
1675,93.591
1676,93.603
1677,93.632
1678,93.678
1679,93.726
1680,93.742
1681,93.768
1682,93.802
1683,93.832
1684,93.912
1685,93.931
1686,93.982
1687,93.999
1688,94.049
1689,94.067
1690,94.097
1691,94.141
1692,94.163
1693,94.206
1694,94.259
1695,94.276
1696,94.315
1697,94.399
1698,94.449
1699,94.466
1700,94.515
1701,94.564
1702,94.596
1703,94.626
1704,94.699
1705,94.725
1706,94.766
1707,94.799
1708,94.831
1709,94.880
1710,94.917
1711,94.945
1712,95.007
1713,95.030
1714,95.063
1715,95.116
1716,95.128
1717,95.234
1718,95.279
1719,95.299
1720,95.324
1721,95.366
1722,95.400
1723,95.433
1724,95.465
1725,95.506
1726,95.530
1727,95.571
1728,95.592
1729,95.645
1730,95.680
1731,95.749
1732,95.766
1733,95.790
1734,95.865
1735,95.898
1736,95.938
1737,95.971
1738,96.009
1739,96.035
1740,96.069
1741,96.137
1742,96.154
1743,96.166
1744,96.213
1745,96.263
1746,96.278
1747,96.297
1748,96.306
1749,96.374
1750,96.411
1751,96.427
1752,96.467
1753,96.515
1754,96.533
1755,96.564
1756,96.659
1757,96.681
1758,96.732
1759,96.742
1760,96.766
1761,96.797
1762,96.829
1763,96.858
1764,96.895
1765,96.942
1766,96.959
1767,97.000
1768,97.078
1769,97.126
1770,97.144
1771,97.167
1772,97.234
1773,97.247
1774,97.290
1775,97.312
1776,97.362
1777,97.401
1778,97.442
1779,97.475
1780,97.498
1781,97.524
1782,97.581
1783,97.598
1784,97.637
1785,97.682
1786,97.697
1787,97.764
1788,97.775
1789,97.796
1790,97.836
1791,97.899
1792,97.949
1793,97.959
1794,97.997
1795,98.072
1796,98.082
1797,98.110
1798,98.128
1799,98.200
1800,98.249
1801,98.315
1802,98.392
1803,98.498
1804,98.534
1805,98.603
1806,98.615
1807,98.632
1808,98.681
1809,98.696
1810,98.731
1811,98.799
1812,98.830
1813,98.865
1814,98.925
1815,98.965
1816,98.997
1817,99.033
1818,99.066
1819,99.125
1820,99.180
1821,99.198
1822,99.226
1823,99.297
1824,99.310
1825,99.393
1826,99.427
1827,99.520
1828,99.542
1829,99.647
1830,99.664
1831,99.710
1832,99.732
1833,99.777
1834,99.849
1835,99.899
1836,99.915
1837,99.925
1838,99.995
1839,100.022
1840,100.073
1841,100.125
1842,100.146
1843,100.165
1844,100.198
1845,100.231
1846,100.266
1847,100.316
1848,100.382
1849,100.407
1850,100.428
1851,100.469
1852,100.534
1853,100.546
1854,100.582
1855,100.597
1856,100.626
1857,100.665
1858,100.716
1859,100.730
1860,100.755
1861,100.826
1862,100.843
1863,100.865
1864,100.943
1865,100.961
1866,100.995
1867,101.084
1868,101.099
1869,101.131
1870,101.165
1871,101.244
1872,101.259
1873,101.302
1874,101.376
1875,101.427
1876,101.443
1877,101.460
1878,101.492
1879,101.555
1880,101.583
1881,101.596
1882,101.631
1883,101.666
1884,101.695
1885,101.749
1886,101.765
1887,101.798
1888,101.831
1889,101.867
1890,101.896
1891,101.961
1892,101.978
1893,101.987
1894,102.026
1895,102.067
1896,102.096
1897,102.148
1898,102.164
1899,102.199
1900,102.228
1901,102.326
1902,102.413
1903,102.478
1904,102.492
1905,102.509
1906,102.525
1907,102.566
1908,102.597
1909,102.649
1910,102.698
1911,102.747
1912,102.758
1913,102.791
1914,102.864
1915,102.899
1916,102.932
1917,102.980
1918,102.997
1919,103.029
1920,103.074
1921,103.093
1922,103.209
1923,103.231
1924,103.275
1925,103.314
1926,103.326
1927,103.394
1928,103.412
1929,103.433
1930,103.460
1931,103.494
1932,103.533
1933,103.563
1934,103.608
1935,103.633
1936,103.682
1937,103.692
1938,103.797
1939,103.824
1940,103.903
1941,103.927
1942,103.958
1943,104.032
1944,104.043
1945,104.077
1946,104.092
1947,104.134
1948,104.246
1949,104.301
1950,104.312
1951,104.379
1952,104.425
1953,104.447
1954,104.472
1955,104.496
1956,104.537
1957,104.553
1958,104.593
1959,104.628
1960,104.680
1961,104.730
1962,104.761
1963,104.802
1964,104.826
1965,104.899
1966,104.908
1967,104.982
1968,104.992
1969,105.027
1970,105.097
1971,105.125
1972,105.159
1973,105.184
1974,105.200
1975,105.281
1976,105.297
1977,105.307
1978,105.381
1979,105.399
1980,105.429
1981,105.497
1982,105.575
1983,105.632
1984,105.729
1985,105.758
1986,105.780
1987,105.850
1988,105.866
1989,105.899
1990,105.947
1991,105.966
1992,105.992
1993,106.075
1994,106.166
1995,106.199
1996,106.290
1997,106.301
1998,106.311
1999,106.372
2000,106.396
2001,106.428
2002,106.483
2003,106.494
2004,106.533
2005,106.591
2006,106.614
2007,106.682
2008,106.718
2009,106.732
2010,106.792
2011,106.826
2012,106.918
2013,106.954
2014,106.968
2015,106.991
2016,107.100
2017,107.126
2018,107.132
2019,107.177
2020,107.218
2021,107.234
2022,107.275
2023,107.291
2024,107.316
2025,107.382
2026,107.401
2027,107.425
2028,107.465
2029,107.517
2030,107.534
2031,107.592
2032,107.612
2033,107.623
2034,107.730
2035,107.749
2036,107.766
2037,107.842
2038,107.899
2039,107.931
2040,107.965
2041,108.030
2042,108.055
2043,108.143
2044,108.160
2045,108.196
2046,108.232
2047,108.264
2048,108.306
2049,108.317
2050,108.362
2051,108.417
2052,108.427
2053,108.489
2054,108.600
2055,108.614
2056,108.628
2057,108.666
2058,108.732
2059,108.761
2060,108.819
2061,108.827
2062,108.864
2063,108.932
2064,108.957
2065,109.044
2066,109.060
2067,109.115
2068,109.133
2069,109.165
2070,109.232
2071,109.259
2072,109.297
2073,109.321
2074,109.362
2075,109.421
2076,109.429
2077,109.461
2078,109.518
2079,109.534
2080,109.566
2081,109.633
2082,109.662
2083,109.697
2084,109.742
2085,109.759
2086,109.799
2087,109.825
2088,109.866
2089,109.899
2090,109.958
2091,110.031
2092,110.089
2093,110.112
2094,110.144
2095,110.160
2096,110.210
2097,110.267
2098,110.280
2099,110.330
2100,110.342
2101,110.375
2102,110.394
2103,110.450
2104,110.462
2105,110.493
2106,110.574
2107,110.646
2108,110.653
2109,110.697
2110,110.766
2111,110.800
2112,110.860
2113,110.902
2114,110.934
2115,110.966
2116,111.029
2117,111.048
2118,111.107
2119,111.185
2120,111.199
2121,111.222
2122,111.293
2123,111.310
2124,111.359
2125,111.397
2126,111.470
2127,111.510
2128,111.521
2129,111.597
2130,111.629
2131,111.660
2132,111.703
2133,111.760
2134,111.783
2135,111.880
2136,111.913
2137,111.929
2138,112.017
2139,112.033
2140,112.075
2141,112.116
2142,112.130
2143,112.179
2144,112.212
2145,112.261
2146,112.311
2147,112.330
2148,112.352
2149,112.431
2150,112.461
2151,112.493
2152,112.550
2153,112.566
2154,112.614
2155,112.632
2156,112.657
2157,112.744
2158,112.801
2159,112.833
2160,112.864
2161,112.899
2162,112.948
2163,112.999
2164,113.039
2165,113.059
2166,113.095
2167,113.175
2168,113.249
2169,113.266
2170,113.309
2171,113.325
2172,113.358
2173,113.431
2174,113.444
2175,113.461
2176,113.502
2177,113.562
2178,113.614
2179,113.684
2180,113.695
2181,113.736
2182,113.749
2183,113.805
2184,113.830
2185,113.856
2186,113.910
2187,113.936
2188,113.970
2189,114.045
2190,114.065
2191,114.090
2192,114.149
2193,114.195
2194,114.297
2195,114.313
2196,114.379
2197,114.389
2198,114.481
2199,114.493
2200,114.550
2201,114.583
2202,114.630
2203,114.666
2204,114.690
2205,114.729
2206,114.790
2207,114.880
2208,114.946
2209,114.954
2210,115.031
2211,115.056
2212,115.085
2213,115.150
2214,115.161
2215,115.191
2216,115.262
2217,115.271
2218,115.320
2219,115.385
2220,115.466
2221,115.510
2222,115.564
2223,115.580
2224,115.588
2225,115.617
2226,115.680
2227,115.688
2228,115.737
2229,115.802
2230,115.848
2231,115.913
2232,115.927
2233,115.976
2234,115.985
2235,116.113
2236,116.146
2237,116.216
2238,116.289
2239,116.466
2240,116.572
2241,116.670
2242,116.871
2243,116.911
2244,116.951
2245,116.968
2246,116.983
2247,117.012
2248,117.031
2249,117.039
2250,117.053
2251,117.119
2252,117.153
2253,117.199
2254,117.250
2255,117.295
2256,117.303
2257,117.367
2258,117.410
2259,117.433
2260,117.465
2261,117.500
2262,117.514
2263,117.563
2264,117.634
2265,117.651
2266,117.701
2267,117.715
2268,117.765
2269,117.789
2270,117.834
2271,117.860
2272,117.980
2273,117.999
2274,118.048
2275,118.064
2276,118.113
2277,118.135
2278,118.165
2279,118.210
2280,118.259
2281,118.274
2282,118.348
2283,118.359
2284,118.413
2285,118.479
2286,118.495
2287,118.528
2288,118.579
2289,118.600
2290,118.638
2291,118.650
2292,118.692
2293,118.775
2294,118.790
2295,118.833
2296,118.881
2297,118.897
2298,118.930
2299,118.978
2300,119.100
2301,119.118
2302,119.149
2303,119.283
2304,119.333
2305,119.380
2306,119.417
2307,119.433
2308,119.446
2309,119.464
2310,119.497
2311,119.513
2312,119.529
2313,119.561
2314,119.633
2315,119.682
2316,119.699
2317,119.759
2318,119.792
2319,119.812
2320,119.834
2321,119.863
2322,119.907
2323,119.931
2324,119.979
2325,119.997
2326,120.037
2327,120.066
2328,120.115
2329,120.126
2330,120.160
2331,120.235
2332,120.262
2333,120.300
2334,120.327
2335,120.365
2336,120.398
2337,120.416
2338,120.482
2339,120.492
2340,120.524
2341,120.563
2342,120.597
2343,120.623
2344,120.693
2345,120.715
2346,120.756
2347,120.803
2348,120.817
2349,120.865
2350,120.966
2351,120.999
2352,121.031
2353,121.052
2354,121.064
2355,121.090
2356,121.142
2357,121.154
2358,121.188
2359,121.243
2360,121.257
2361,121.303
2362,121.363
2363,121.418
2364,121.446
2365,121.462
2366,121.493
2367,121.527
2368,121.568
2369,121.582
2370,121.666
2371,121.692
2372,121.708
2373,121.720
2374,121.783
2375,121.792
2376,121.827
2377,121.864
2378,121.890
2379,121.913
2380,121.961
2381,122.003
2382,122.020
2383,122.059
2384,122.134
2385,122.204
2386,122.217
2387,122.245
2388,122.253
2389,122.287
2390,122.310
2391,122.384
2392,122.399
2393,122.412
2394,122.456
2395,122.568
2396,122.577
2397,122.591
2398,122.673
2399,122.685
2400,122.757
2401,122.764
2402,122.797
2403,122.838
2404,122.870
2405,122.888
2406,122.967
2407,122.985
2408,122.993
2409,123.065
2410,123.090
2411,123.131
2412,123.155
2413,123.209
2414,123.218
2415,123.257
2416,123.298
2417,123.392
2418,123.448
2419,123.464
2420,123.504
2421,123.560
2422,123.580
2423,123.595
2424,123.664
2425,123.698
2426,123.726
2427,123.797
2428,123.865
2429,123.930
2430,124.000
2431,124.017
2432,124.033
2433,124.048
2434,124.064
2435,124.101
2436,124.133
2437,124.164
2438,124.192
2439,124.230
2440,124.272
2441,124.305
2442,124.370
2443,124.386
2444,124.436
2445,124.460
2446,124.503
2447,124.526
2448,124.578
2449,124.600
2450,124.631
2451,124.656
2452,124.722
2453,124.763
2454,124.795
2455,124.820
2456,124.912
2457,124.928
2458,124.968
2459,125.033
2460,125.057
2461,125.190
2462,125.203
2463,125.233
2464,125.258
2465,125.339
2466,125.366
2467,125.398
2468,125.446
2469,125.465
2470,125.504
2471,125.566
2472,125.599
2473,125.642
2474,125.746
2475,125.761
2476,125.794
2477,125.828
2478,125.858
2479,125.891
2480,125.948
2481,126.011
2482,126.025
2483,126.063
2484,126.110
2485,126.127
2486,126.152
2487,126.181
2488,126.243
2489,126.267
2490,126.300
2491,126.382
2492,126.399
2493,126.423
2494,126.472
2495,126.545
2496,126.554
2497,126.571
2498,126.587
2499,126.653
2500,126.668
2501,126.701
2502,126.798
2503,126.815
2504,126.855
2505,126.868
2506,126.888
2507,126.967
2508,126.985
2509,127.082
2510,127.098
2511,127.132
2512,127.181
2513,127.219
2514,127.252
2515,127.283
2516,127.313
2517,127.355
2518,127.381
2519,127.421
2520,127.453
2521,127.494
2522,127.550
2523,127.598
2524,127.646
2525,127.660
2526,127.694
2527,127.761
2528,127.783
2529,127.793
2530,127.833
2531,127.850
2532,127.893
2533,127.945
2534,127.959
2535,127.992
2536,128.034
2537,128.062
2538,128.100
2539,128.115
2540,128.193
2541,128.256
2542,128.288
2543,128.311
2544,128.389
2545,128.414
2546,128.425
2547,128.482
2548,128.497
2549,128.517
2550,128.550
2551,128.611
2552,128.628
2553,128.672
2554,128.751
2555,128.761
2556,128.793
2557,128.816
2558,128.890
2559,128.917
2560,128.927
2561,128.978
2562,129.000
2563,129.231
2564,129.247
2565,129.280
2566,129.295
2567,129.304
2568,129.353
2569,129.377
2570,129.388
2571,129.396
2572,129.576
2573,129.589
2574,129.600
2575,129.616
2576,129.633
2577,129.644
2578,129.665
2579,129.681
2580,129.691
2581,129.733
2582,129.764
2583,129.798
2584,129.815
2585,129.851
2586,129.914
2587,129.931
2588,129.958
2589,129.990
2590,130.039
2591,130.102
2592,130.128
2593,130.152
2594,130.265
2595,130.284
2596,130.294
2597,130.318
2598,130.382
2599,130.463
2600,130.482
2601,130.499
2602,130.529
2603,130.556
2604,130.595
2605,130.622
2606,130.654
2607,130.689
2608,130.767
2609,130.813
2610,130.850
2611,130.867
2612,130.900
2613,130.944
2614,130.966
2615,130.999
2616,131.061
2617,131.118
2618,131.168
2619,131.199
2620,131.233
2621,131.258
2622,131.301
2623,131.314
2624,131.364
2625,131.389
2626,131.417
2627,131.484
2628,131.499
2629,131.524
2630,131.581
2631,131.594
2632,131.623
2633,131.661
2634,131.687
2635,131.727
2636,131.750
2637,131.801
2638,131.822
2639,131.887
2640,131.932
2641,131.967
2642,132.010
2643,132.033
2644,132.083
2645,132.100
2646,132.118
2647,132.201
2648,132.210
2649,132.231
2650,132.265
2651,132.332
2652,132.359
2653,132.398
2654,132.431
2655,132.488
2656,132.542
2657,132.554
2658,132.603
2659,132.617
2660,132.708
2661,132.715
2662,132.764
2663,132.785
2664,132.826
2665,132.878
2666,132.895
2667,132.920
2668,132.952
2669,133.003
2670,133.028
2671,133.077
2672,133.094
2673,133.115
2674,133.225
2675,133.236
2676,133.267
2677,133.300
2678,133.311
2679,133.359
2680,133.399
2681,133.432
2682,133.490
2683,133.498
2684,133.522
2685,133.561
2686,133.588
2687,133.620
2688,133.660
2689,133.715
2690,133.727
2691,133.767
2692,133.799
2693,133.851
2694,133.899
2695,133.924
2696,133.956
2697,133.986
2698,134.028
2699,134.052
2700,134.082
2701,134.149
2702,134.165
2703,134.212
2704,134.231
2705,134.263
2706,134.296
2707,134.321
2708,134.362
2709,134.400
2710,134.444
2711,134.484
2712,134.515
2713,134.567
2714,134.626
2715,134.649
2716,134.659
2717,134.689
2718,134.728
2719,134.761
2720,134.795
2721,134.817
2722,134.861
2723,134.898
2724,134.931
2725,134.975
2726,135.009
2727,135.024
2728,135.095
2729,135.111
2730,135.128
2731,135.164
2732,135.280
2733,135.292
2734,135.306
2735,135.360
2736,135.401
2737,135.426
2738,135.478
2739,135.492
2740,135.527
2741,135.569
2742,135.599
2743,135.642
2744,135.651
2745,135.683
2746,135.767
2747,135.849
2748,135.868
2749,135.891
2750,135.978
2751,135.995
2752,136.028
2753,136.095
2754,136.111
2755,136.169
2756,136.178
2757,136.195
2758,136.267
2759,136.293
2760,136.309
2761,136.378
2762,136.395
2763,136.429
2764,136.492
2765,136.514
2766,136.565
2767,136.590
2768,136.631
2769,136.678
2770,136.696
2771,136.729
2772,136.772
2773,136.790
2774,136.844
2775,136.861
2776,136.895
2777,136.934
2778,136.966
2779,137.013
2780,137.026
2781,137.080
2782,137.092
2783,137.128
2784,137.163
2785,137.283
2786,137.294
2787,137.316
2788,137.328
2789,137.373
2790,137.385
2791,137.420
2792,137.479
2793,137.524
2794,137.552
2795,137.560
2796,137.597
2797,137.622
2798,137.663
2799,137.693
2800,137.729
2801,137.760
2802,137.814
2803,137.826
2804,137.867
2805,137.945
2806,137.956
2807,137.975
2808,138.060
2809,138.068
2810,138.087
2811,138.133
2812,138.159
2813,138.226
2814,138.268
2815,138.335
2816,138.400
2817,138.411
2818,138.424
2819,138.463
2820,138.534
2821,138.596
2822,138.624
2823,138.662
2824,138.710
2825,138.721
2826,138.779
2827,138.789
2828,138.835
2829,138.867
2830,138.900
2831,138.926
2832,138.965
2833,138.995
2834,139.044
2835,139.059
2836,139.112
2837,139.125
2838,139.162
2839,139.234
2840,139.259
2841,139.297
2842,139.366
2843,139.392
2844,139.445
2845,139.456
2846,139.512
2847,139.536
2848,139.568
2849,139.601
2850,139.637
2851,139.681
2852,139.700
2853,139.717
2854,139.766
2855,139.791
2856,139.846
2857,139.864
2858,139.898
2859,139.982
2860,139.996
2861,140.030
2862,140.083
2863,140.119
2864,140.136
2865,140.167
2866,140.244
2867,140.264
2868,140.299
2869,140.388
2870,140.399
2871,140.437
2872,140.461
2873,140.501
2874,140.519
2875,140.584
2876,140.615
2877,140.656
2878,140.705
2879,140.721
2880,140.761
2881,140.786
2882,140.868
2883,140.882
2884,140.980
2885,140.994
2886,141.051
2887,141.068
2888,141.099
2889,141.161
2890,141.212
2891,141.227
2892,141.282
2893,141.296
2894,141.398
2895,141.466
2896,141.493
2897,141.532
2898,141.565
2899,141.615
2900,141.685
2901,141.703
2902,141.717
2903,141.781
2904,141.850
2905,141.874
2906,141.916
2907,141.942
2908,141.981
2909,141.989
2910,142.022
2911,142.078
2912,142.088
2913,142.124
2914,142.194
2915,142.216
2916,142.285
2917,142.302
2918,142.360
2919,142.396
2920,142.432
2921,142.495
2922,142.524
2923,142.632
2924,142.652
2925,142.684
2926,142.747
2927,142.761
2928,142.828
2929,142.881
2930,142.900
2931,142.933
2932,143.000
2933,143.016
2934,143.024
2935,143.068
2936,143.084
2937,143.133
2938,143.186
2939,143.198
2940,143.232
2941,143.247
2942,143.294
2943,143.301
2944,143.448
2945,143.455
2946,143.551
2947,143.587
2948,143.621
2949,143.647
2950,143.715
2951,143.751
2952,143.764
2953,143.831
2954,143.893
2955,143.931
2956,143.965
2957,143.998
2958,144.015
2959,144.061
2960,144.086
2961,144.161
2962,144.181
2963,144.236
2964,144.243
2965,144.275
2966,144.293
2967,144.314
2968,144.384
2969,144.401
2970,144.417
2971,144.481
2972,144.502
2973,144.551
2974,144.584
2975,144.604
2976,144.643
2977,144.652
2978,144.686
2979,144.772
2980,144.781
2981,144.793
2982,144.824
2983,144.887
2984,144.904
2985,144.921
2986,145.001
2987,145.011
2988,145.034
2989,145.049
2990,145.093
2991,145.134
2992,145.183
2993,145.199
2994,145.251
2995,145.266
2996,145.300
2997,145.397
2998,145.461
2999,145.517
3000,145.558
3001,145.610
3002,145.627
3003,145.668
3004,145.698
3005,145.725
3006,145.758
3007,145.796
3008,145.828
3009,145.865
3010,145.916
3011,145.932
3012,145.965
3013,146.027
3014,146.067
3015,146.133
3016,146.143
3017,146.160
3018,146.184
3019,146.226
3020,146.263
3021,146.315
3022,146.357
3023,146.406
3024,146.434
3025,146.459
3026,146.527
3027,146.609
3028,146.632
3029,146.659
3030,146.713
3031,146.726
3032,146.774
3033,146.818
3034,146.854
3035,146.917
3036,146.949
3037,146.998
3038,147.041
3039,147.053
3040,147.084
3041,147.130
3042,147.149
3043,147.184
3044,147.223
3045,147.252
3046,147.317
3047,147.363
3048,147.418
3049,147.432
3050,147.460
3051,147.544
3052,147.552
3053,147.632
3054,147.651
3055,147.660
3056,147.693
3057,147.755
3058,147.810
3059,147.816
3060,147.852
3061,147.937
3062,147.954
3063,147.985
3064,148.069
3065,148.078
3066,148.089
3067,148.118
3068,148.197
3069,148.245
3070,148.261
3071,148.289
3072,148.311
3073,148.386
3074,148.434
3075,148.480
3076,148.499
3077,148.536
3078,148.565
3079,148.606
3080,148.633
3081,148.655
3082,148.695
3083,148.726
3084,148.799
3085,148.816
3086,148.882
3087,148.903
3088,148.928
3089,148.978
3090,148.995
3091,149.097
3092,149.124
3093,149.151
3094,149.188
3095,149.249
3096,149.265
3097,149.293
3098,149.302
3099,149.395
3100,149.444
3101,149.455
3102,149.492
3103,149.544
3104,149.557
3105,149.598
3106,149.678
3107,149.696
3108,149.721
3109,149.761
3110,149.811
3111,149.834
3112,149.867
3113,149.901
3114,149.922
3115,149.948
3116,149.999
3117,150.016
3118,150.050
3119,150.094
3120,150.156
3121,150.165
3122,150.213
3123,150.237
3124,150.302
3125,150.359
3126,150.397
3127,150.432
3128,150.474
3129,150.499
3130,150.515
3131,150.630
3132,150.663
3133,150.726
3134,150.759
3135,150.820
3136,150.837
3137,150.932
3138,150.944
3139,150.966
3140,151.000
3141,151.098
3142,151.112
3143,151.155
3144,151.230
3145,151.249
3146,151.261
3147,151.319
3148,151.327
3149,151.360
3150,151.428
3151,151.497
3152,151.525
3153,151.558
3154,151.598
3155,151.617
3156,151.662
3157,151.694
3158,151.722
3159,151.754
3160,151.803
3161,151.828
3162,151.853
3163,151.933
3164,151.960
3165,151.984
3166,152.049
3167,152.084
3168,152.126
3169,152.154
3170,152.219
3171,152.226
3172,152.263
3173,152.307
3174,152.331
3175,152.374
3176,152.390
3177,152.462
3178,152.484
3179,152.529
3180,152.562
3181,152.634
3182,152.650
3183,152.733
3184,152.752
3185,152.783
3186,152.800
3187,152.819
3188,152.882
3189,152.899
3190,152.981
3191,152.998
3192,153.100
3193,153.125
3194,153.167
3195,153.194
3196,153.268
3197,153.280
3198,153.301
3199,153.333
3200,153.366
3201,153.382
3202,153.427
3203,153.500
3204,153.568
3205,153.602
3206,153.617
3207,153.714
3208,153.735
3209,153.778
3210,153.802
3211,153.828
3212,153.900
3213,153.949
3214,153.959
3215,154.009
3216,154.034
3217,154.060
3218,154.103
3219,154.123
3220,154.166
3221,154.201
3222,154.244
3223,154.267
3224,154.308
3225,154.320
3226,154.399
3227,154.426
3228,154.497
3229,154.515
3230,154.551
3231,154.583
3232,154.632
3233,154.717
3234,154.734
3235,154.759
3236,154.800
3237,154.832
3238,154.874
3239,154.898
3240,154.932
3241,155.014
3242,155.565
3243,155.608
3244,155.643
3245,155.707
3246,155.728
3247,155.818
3248,155.844
3249,155.865
3250,155.883
3251,155.898
3252,155.916
3253,155.933
3254,155.949
3255,155.958
3256,156.042
3257,156.057
3258,156.102
3259,156.168
3260,156.183
3261,156.218
3262,156.281
3263,156.302
3264,156.348
3265,156.360
3266,156.399
3267,156.460
3268,156.467
3269,156.527
3270,156.560
3271,156.643
3272,156.666
3273,156.706
3274,156.733
3275,156.761
3276,156.784
3277,156.836
3278,156.875
3279,156.892
3280,156.949
3281,156.973
3282,156.985
3283,157.084
3284,157.177
3285,157.198
3286,157.223
3287,157.293
3288,157.309
3289,157.383
3290,157.489
3291,157.529
3292,157.593
3293,157.647
3294,157.722
3295,157.742
3296,157.756
3297,157.797
3298,157.878
3299,157.893
3300,157.918
3301,157.943
3302,158.010
3303,158.047
3304,158.114
3305,158.161
3306,158.185
3307,158.229
3308,158.299
3309,158.316
3310,158.368
3311,158.427
3312,158.451
3313,158.468
3314,158.511
3315,158.526
3316,158.612
3317,158.708
3318,158.730
3319,158.757
3320,158.819
3321,158.854
3322,158.949
3323,158.982
3324,159.032
3325,159.098
3326,159.118
3327,159.150
3328,159.193
3329,159.217
3330,159.284
3331,159.309
3332,159.383
3333,159.395
3334,159.431
3335,159.498
3336,159.526
3337,159.571
3338,159.600
3339,159.651
3340,159.666
3341,159.744
3342,159.837
3343,159.853
3344,159.866
3345,159.918
3346,159.949
3347,159.984
3348,160.048
3349,160.085
3350,160.169
3351,160.207
3352,160.264
3353,160.284
3354,160.308
3355,160.348
3356,160.384
3357,160.462
3358,160.510
3359,160.526
3360,160.550
3361,160.654
3362,160.668
3363,160.685
3364,160.766
3365,160.793
3366,160.864
3367,160.929
3368,160.943
3369,160.973
3370,160.984
3371,161.064
3372,161.076
3373,161.132
3374,161.201
3375,161.210
3376,161.219
3377,161.264
3378,161.291
3379,161.355
3380,161.394
3381,161.420
3382,161.455
3383,161.487
3384,161.528
3385,161.578
3386,161.590
3387,161.637
3388,161.667
3389,161.701
3390,161.731
3391,161.783
3392,161.795
3393,161.850
3394,161.902
3395,162.000
3396,162.045
3397,162.060
3398,162.104
3399,162.127
3400,162.151
3401,162.200
3402,162.230
3403,162.258
3404,162.300
3405,162.351
3406,162.400
3407,162.433
3408,162.490
3409,162.513
3410,162.539
3411,162.562
3412,162.614
3413,162.628
3414,162.672
3415,162.738
3416,162.755
3417,162.801
3418,162.868
3419,162.891
3420,162.929
3421,162.983
3422,163.019
3423,163.068
3424,163.133
3425,163.191
3426,163.228
3427,163.315
3428,163.323
3429,163.357
3430,163.430
3431,163.473
3432,163.498
3433,163.531
3434,163.594
3435,163.633
3436,163.694
3437,163.717
3438,163.733
3439,163.750
3440,163.833
3441,163.901
3442,163.943
3443,164.001
3444,164.011
3445,164.033
3446,164.051
3447,164.141
3448,164.149
3449,164.165
3450,164.229
3451,164.236
3452,164.286
3453,164.297
3454,164.308
3455,164.367
3456,164.415
3457,164.527
3458,164.549
3459,164.566
3460,164.598
3461,164.622
3462,164.663
3463,164.705
3464,164.719
3465,164.769
3466,164.842
3467,164.856
3468,164.903
3469,164.962
3470,164.986
3471,165.068
3472,165.113
3473,165.163
3474,165.196
3475,165.239
3476,165.268
3477,165.318
3478,165.383
3479,165.431
3480,165.472
3481,165.485
3482,165.550
3483,165.593
3484,165.651
3485,165.660
3486,165.693
3487,165.733
3488,165.758
3489,165.783
3490,165.829
3491,165.884
3492,165.922
3493,165.999
3494,166.043
3495,166.074
3496,166.099
3497,166.133
3498,166.183
3499,166.194
3500,166.283
3501,166.295
3502,166.320
3503,166.334
3504,166.366
3505,166.382
3506,166.415
3507,166.511
3508,166.518
3509,166.551
3510,166.601
3511,166.620
3512,166.680
3513,166.696
3514,166.712
3515,166.783
3516,166.794
3517,166.843
3518,166.919
3519,166.967
3520,167.002
3521,167.016
3522,167.078
3523,167.103
3524,167.120
3525,167.197
3526,167.210
3527,167.232
3528,167.262
3529,167.312
3530,167.321
3531,167.410
3532,167.420
3533,167.434
3534,167.476
3535,167.485
3536,167.518
3537,167.595
3538,167.670
3539,167.702
3540,167.718
3541,167.747
3542,167.800
3543,167.834
3544,167.876
3545,167.899
3546,167.932
3547,167.978
3548,168.003
3549,168.027
3550,168.118
3551,168.146
3552,168.166
3553,168.212
3554,168.226
3555,168.252
3556,168.348
3557,168.449
3558,168.506
3559,168.531
3560,168.556
3561,168.629
3562,168.636
3563,168.650
3564,168.693
3565,168.743
3566,168.753
3567,168.807
3568,168.846
3569,168.862
3570,168.929
3571,169.001
3572,169.029
3573,169.062
3574,169.102
3575,169.119
3576,169.151
3577,169.248
3578,169.260
3579,169.290
3580,169.299
3581,169.363
3582,169.416
3583,169.478
3584,169.487
3585,169.568
3586,169.621
3587,169.631
3588,169.676
3589,169.688
3590,169.731
3591,169.779
3592,169.793
3593,169.854
3594,169.885
3595,169.963
3596,169.986
3597,170.039
3598,170.050
3599,170.097
3600,170.148
3601,170.167
3602,170.192
3603,170.281
3604,170.294
3605,170.319
3606,170.419
3607,170.439
3608,170.461
3609,170.496
3610,170.519
3611,170.582
3612,170.629
3613,170.677
3614,170.695
3615,170.728
3616,170.748
3617,170.783
3618,170.849
3619,170.912
3620,170.927
3621,170.985
3622,171.001
3623,171.018
3624,171.099
3625,171.110
3626,171.131
3627,171.163
3628,171.270
3629,171.280
3630,171.316
3631,171.414
3632,171.429
3633,171.536
3634,171.559
3635,171.569
3636,171.618
3637,171.634
3638,171.687
3639,171.702
3640,171.727
3641,171.764
3642,171.797
3643,171.825
3644,171.856
3645,171.884
3646,171.933
3647,172.010
3648,172.030
3649,172.082
3650,172.095
3651,172.123
3652,172.227
3653,172.243
3654,172.268
3655,172.333
3656,172.358
3657,172.398
3658,172.423
3659,172.463
3660,172.530
3661,172.555
3662,172.596
3663,172.629
3664,172.715
3665,172.735
3666,172.754
3667,172.793
3668,172.819
3669,172.863
3670,172.927
3671,172.950
3672,172.982
3673,173.054
3674,173.065
3675,173.102
3676,173.182
3677,173.253
3678,173.298
3679,173.369
3680,173.398
3681,173.468
3682,173.482
3683,173.516
3684,173.562
3685,173.628
3686,173.679
3687,173.762
3688,173.772
3689,173.794
3690,173.832
3691,173.885
3692,173.929
3693,173.975
3694,173.996
3695,174.079
3696,174.095
3697,174.145
3698,174.162
3699,174.185
3700,174.283
3701,174.306
3702,174.324
3703,174.398
3704,174.430
3705,174.466
3706,174.483
3707,174.563
3708,174.571
3709,174.583
3710,174.619
3711,174.698
3712,174.736
3713,174.768
3714,174.801
3715,174.827
3716,174.850
3717,174.897
3718,174.946
3719,174.962
3720,174.994
3721,175.077
3722,175.100
3723,175.133
3724,175.204
3725,175.218
3726,175.231
3727,175.253
3728,175.301
3729,175.365
3730,175.412
3731,175.422
3732,175.477
3733,175.499
3734,175.532
3735,175.549
3736,175.616
3737,175.627
3738,175.653
3739,175.734
3740,175.767
3741,175.824
3742,175.835
3743,175.947
3744,175.956
3745,176.034
3746,176.052
3747,176.061
3748,176.093
3749,176.142
3750,176.161
3751,176.221
3752,176.229
3753,176.251
3754,176.298
3755,176.384
3756,176.393
3757,176.429
3758,176.518
3759,176.542
3760,176.560
3761,176.613
3762,176.632
3763,176.679
3764,176.687
3765,176.732
3766,176.782
3767,176.851
3768,176.884
3769,176.901
3770,176.935
3771,177.001
3772,177.012
3773,177.034
3774,177.054
3775,177.112
3776,177.127
3777,177.161
3778,177.201
3779,177.243
3780,177.254
3781,177.312
3782,177.365
3783,177.378
3784,177.389
3785,177.423
3786,177.464
3787,177.497
3788,177.522
3789,177.563
3790,177.607
3791,177.663
3792,177.675
3793,177.739
3794,177.750
3795,177.760
3796,177.845
3797,177.867
3798,177.908
3799,177.917
3800,177.961
3801,178.025
3802,178.034
3803,178.068
3804,178.085
3805,178.115
3806,178.178
3807,178.197
3808,178.230
3809,178.263
3810,178.288
3811,178.329
3812,178.362
3813,178.383
3814,178.432
3815,178.448
3816,178.502
3817,178.535
3818,178.548
3819,178.582
3820,178.639
3821,178.698
3822,178.730
3823,178.765
3824,178.778
3825,178.795
3826,178.827
3827,178.899
3828,178.964
3829,179.032
3830,179.069
3831,179.082
3832,179.214
3833,179.232
3834,179.263
3835,179.304
3836,179.353
3837,179.400
3838,179.427
3839,179.479
3840,179.494
3841,179.545
3842,179.618
3843,179.660
3844,179.710
3845,179.727
3846,179.800
3847,179.819
3848,179.861
3849,179.918
3850,179.982
3851,179.997
3852,180.016
3853,180.067
3854,180.111
3855,180.145
3856,180.219
3857,180.234
3858,180.268
3859,180.300
3860,180.317
3861,180.405
3862,180.429
3863,180.528
3864,180.551
3865,180.577
3866,180.595
3867,180.659
3868,180.684
3869,180.729
3870,180.765
3871,180.799
3872,180.835
3873,180.855
3874,180.900
3875,180.927
3876,180.960
3877,181.048
3878,181.063
3879,181.145
3880,181.160
3881,181.195
3882,181.253
3883,181.262
3884,181.319
3885,181.366
3886,181.425
3887,181.434
3888,181.466
3889,181.548
3890,181.573
3891,181.616
3892,181.664
3893,181.714
3894,181.733
3895,181.759
3896,181.797
3897,181.848
3898,181.861
3899,181.897
3900,181.941
3901,181.963
3902,182.016
3903,182.071
3904,182.128
3905,182.136
3906,182.167
3907,182.199
3908,182.245
3909,182.262
3910,182.336
3911,182.385
3912,182.483
3913,182.496
3914,182.519
3915,182.544
3916,182.552
3917,182.603
3918,182.627
3919,182.665
3920,182.702
3921,182.723
3922,182.784
3923,182.850
3924,182.884
3925,182.895
3926,182.948
3927,182.969
3928,182.994
3929,183.021
3930,183.079
3931,183.094
3932,183.145
3933,183.191
3934,183.215
3935,183.266
3936,183.296
3937,183.311
3938,183.411
3939,183.423
3940,183.496
3941,183.545
3942,183.562
3943,183.594
3944,183.637
3945,183.664
3946,183.787
3947,183.801
3948,183.833
3949,183.875
3950,183.900
3951,183.933
3952,183.968
3953,183.999
3954,184.018
3955,184.116
3956,184.130
3957,184.172
3958,184.232
3959,184.289
3960,184.313
3961,184.396
3962,184.413
3963,184.438
3964,184.462
3965,184.528
3966,184.585
3967,184.603
3968,184.629
3969,184.702
3970,184.712
3971,184.785
3972,184.819
3973,184.830
3974,184.881
3975,184.964
3976,184.975
3977,184.996
3978,185.027
3979,185.065
3980,185.117
3981,185.142
3982,185.156
3983,185.214
3984,185.247
3985,185.288
3986,185.313
3987,185.365
3988,185.398
3989,185.455
3990,185.480
3991,185.529
3992,185.571
3993,185.618
3994,185.632
3995,185.668
3996,185.717
3997,185.762
3998,185.772
3999,185.811
4000,185.821
4001,185.861
4002,185.941
4003,185.965
4004,186.006
4005,186.035
4006,186.067
4007,186.151
4008,186.161
4009,186.229
4010,186.250
4011,186.266
4012,186.330
4013,186.361
4014,186.371
4015,186.467
4016,186.582
4017,186.666
4018,186.778
4019,186.793
4020,186.804
4021,186.822
4022,186.829
4023,186.868
4024,186.901
4025,186.935
4026,186.967
4027,186.991
4028,187.033
4029,187.064
4030,187.106
4031,187.130
4032,187.179
4033,187.238
4034,187.252
4035,187.266
4036,187.302
4037,187.355
4038,187.396
4039,187.466
4040,187.481
4041,187.495
4042,187.530
4043,187.594
4044,187.650
4045,187.662
4046,187.702
4047,187.774
4048,187.794
4049,187.802
4050,187.824
4051,187.896
4052,187.912
4053,187.936
4054,187.968
4055,187.994
4056,188.045
4057,188.061
4058,188.102
4059,188.133
4060,188.181
4061,188.194
4062,188.238
4063,188.312
4064,188.330
4065,188.412
4066,188.435
4067,188.494
4068,188.530
4069,188.562
4070,188.621
4071,188.685
4072,188.698
4073,188.734
4074,188.810
4075,188.833
4076,188.858
4077,188.931
4078,188.988
4079,189.071
4080,189.082
4081,189.101
4082,189.133
4083,189.183
4084,189.195
4085,189.221
4086,189.320
4087,189.385
4088,189.416
4089,189.435
4090,189.533
4091,189.544
4092,189.568
4093,189.642
4094,189.663
4095,189.693
4096,189.746
4097,189.771
4098,189.828
4099,189.853
4100,189.867
4101,189.909
4102,189.926
4103,189.969
4104,190.015
4105,190.066
4106,190.120
4107,190.134
4108,190.169
4109,190.202
4110,190.235
4111,190.269
4112,190.284
4113,190.301
4114,190.367
4115,190.414
4116,190.433
4117,190.466
4118,190.518
4119,190.552
4120,190.618
4121,190.632
4122,190.695
4123,190.786
4124,190.812
4125,190.827
4126,190.844
4127,190.880
4128,190.900
4129,190.934
4130,190.974
4131,190.998
4132,191.031
4133,191.140
4134,191.421
4135,191.437
4136,191.462
4137,191.518
4138,191.548
4139,192.242
4140,192.266
4141,192.297
4142,192.304
4143,192.405
4144,192.422
4145,192.587
4146,192.603
4147,192.634
4148,192.650
4149,192.790
4150,192.813
4151,192.822
4152,192.837
4153,192.988
4154,193.020
4155,193.042
4156,193.196
4157,193.401
4158,193.418
4159,193.428
4160,193.443
4161,193.669
4162,193.695
4163,193.925
4164,193.944
4165,194.167
4166,194.184
4167,194.215
4168,194.414
4169,194.427
4170,195.351
4171,195.370
4172,195.549
4173,195.582
4174,195.600
4175,195.747
4176,195.770
4177,195.782
4178,195.799
4179,195.955
4180,195.978
4181,196.153
4182,196.169
4183,196.202
4184,196.215
4185,196.236
4186,196.284
4187,196.303
4188,196.412
4189,196.429
4190,196.454
4191,196.502
4192,196.569
4193,196.594
4194,196.627
4195,196.659
4196,196.701
4197,196.745
4198,196.767
4199,196.800
4200,196.867
4201,196.881
4202,196.905
4203,196.928
4204,196.995
4205,197.023
4206,197.114
4207,197.133
4208,197.158
4209,197.233
4210,197.275
4211,197.323
4212,197.339
4213,197.365
4214,197.446
4215,197.530
4216,197.538
4217,197.562
4218,197.631
4219,197.680
4220,197.718
4221,197.734
4222,197.786
4223,197.802
4224,197.828
4225,197.888
4226,197.901
4227,197.927
4228,197.968
4229,198.032
4230,198.051
4231,198.062
4232,198.149
4233,198.174
4234,198.196
4235,198.248
4236,198.263
4237,198.302
4238,198.369
4239,198.400
4240,198.429
4241,198.501
4242,198.516
4243,198.535
4244,198.568
4245,198.627
4246,198.669
4247,198.694
4248,198.758
4249,198.815
4250,198.823
4251,198.861
4252,198.949
4253,198.968
4254,199.001
4255,199.063
4256,199.095
4257,199.161
4258,199.186
4259,199.232
4260,199.263
4261,199.357
4262,199.383
4263,200.299
4264,200.365
4265,200.403
4266,200.450
4267,200.461
4268,200.492
4269,200.561
4270,200.582
4271,200.594
4272,200.628
4273,200.700
4274,200.741
4275,200.812
4276,200.821
4277,200.856
4278,200.903
4279,200.918
4280,200.985
4281,201.001
4282,201.044
4283,201.102
4284,201.116
4285,201.127
4286,201.154
4287,201.203
4288,201.220
4289,201.277
4290,201.298
4291,201.320
4292,201.368
4293,201.402
4294,201.451
4295,201.462
4296,201.513
4297,201.527
4298,201.567
4299,201.620
4300,201.637
4301,201.696
4302,201.769
4303,201.802
4304,201.835
4305,201.869
4306,201.931
4307,201.945
4308,201.986
4309,201.996
4310,202.019
4311,202.083
4312,202.095
4313,202.128
4314,202.191
4315,202.200
4316,202.232
4317,202.319
4318,202.339
4319,202.401
4320,202.445
4321,202.461
4322,202.492
4323,202.534
4324,202.566
4325,202.607
4326,202.617
4327,202.662
4328,202.718
4329,202.736
4330,202.761
4331,202.840
4332,202.894
4333,202.934
4334,202.966
4335,203.011
4336,203.034
4337,203.059
4338,203.148
4339,203.164
4340,203.201
4341,203.230
4342,203.264
4343,203.330
4344,203.341
4345,203.351
4346,203.399
4347,203.451
4348,203.466
4349,203.499
4350,203.562
4351,203.612
4352,203.635
4353,203.659
4354,203.733
4355,203.774
4356,203.799
4357,203.842
4358,203.866
4359,203.891
4360,203.964
4361,203.980
4362,204.027
4363,204.076
4364,204.167
4365,204.186
4366,204.196
4367,204.263
4368,204.277
4369,204.302
4370,204.334
4371,204.369
4372,204.394
4373,204.415
4374,204.486
4375,204.502
4376,204.528
4377,204.596
4378,204.648
4379,204.679
4380,204.689
4381,204.786
4382,204.797
4383,204.828
4384,204.896
4385,204.930
4386,205.005
4387,205.034
4388,205.069
4389,205.099
4390,205.134
4391,205.198
4392,205.213
4393,205.285
4394,205.301
4395,205.371
4396,205.404
4397,205.433
4398,205.499
4399,205.525
4400,205.599
4401,205.617
4402,205.651
4403,205.666
4404,205.698
4405,205.725
4406,205.785
4407,205.800
4408,205.827
4409,205.865
4410,205.913
4411,205.930
4412,206.037
4413,206.052
4414,206.068
4415,206.151
4416,206.221
4417,206.284
4418,206.295
4419,206.313
4420,206.374
4421,206.395
4422,206.424
4423,206.499
4424,206.524
4425,206.569
4426,206.640
4427,206.664
4428,206.705
4429,206.736
4430,206.753
4431,206.801
4432,206.836
4433,206.869
4434,206.903
4435,206.920
4436,207.015
4437,207.048
4438,207.061
4439,207.118
4440,207.162
4441,207.216
4442,207.233
4443,207.269
4444,207.319
4445,207.401
4446,207.428
4447,207.461
4448,207.494
4449,207.518
4450,207.552
4451,207.603
4452,207.632
4453,207.668
4454,207.745
4455,207.753
4456,207.866
4457,207.948
4458,207.962
4459,207.995
4460,208.063
4461,208.123
4462,208.186
4463,208.211
4464,208.233
4465,208.278
4466,208.286
4467,208.298
4468,208.390
4469,208.414
4470,208.455
4471,208.514
4472,208.535
4473,208.566
4474,208.586
4475,208.667
4476,208.699
4477,208.741
4478,208.763
4479,208.789
4480,208.866
4481,208.895
4482,208.929
4483,208.984
4484,209.009
4485,209.020
4486,209.050
4487,209.092
4488,209.142
4489,209.163
4490,209.190
4491,209.272
4492,209.296
4493,209.321
4494,209.383
4495,209.401
4496,209.419
4497,209.468
4498,209.507
4499,209.537
4500,209.579
4501,209.595
4502,209.629
4503,209.767
4504,209.784
4505,209.793
4506,209.830
4507,209.886
4508,209.903
4509,209.933
4510,209.980
4511,209.997
4512,210.023
4513,210.050
4514,210.104
4515,210.120
4516,210.166
4517,210.199
4518,210.218
4519,210.260
4520,210.326
4521,210.359
4522,210.392
4523,210.425
4524,210.461
4525,210.515
4526,210.529
4527,210.573
4528,210.613
4529,210.629
4530,210.684
4531,210.697
4532,210.741
4533,210.819
4534,210.835
4535,210.861
4536,210.887
4537,210.935
4538,210.985
4539,211.002
4540,211.028
4541,211.082
4542,211.097
4543,211.154
4544,211.198
4545,211.244
4546,211.269
4547,211.309
4548,211.361
