t_rel,height_cm,tof_cm,baro_rel_cm,yaw_deg,pitch_deg,roll_deg,battery_pct
0.000,0,10,0.0,6,0,0,94
0.102,0,10,0.0,6,0,0,94
0.209,0,10,0.0,6,0,0,94
0.319,0,10,2.0,6,0,0,94
0.430,0,10,2.0,6,0,0,94
0.543,0,10,2.0,6,0,0,94
0.660,0,10,2.0,6,0,0,94
0.770,0,10,0.0,6,0,0,94
0.881,0,10,-1.0,6,0,0,94
0.993,0,10,5.0,6,0,0,94
1.097,0,10,8.0,6,0,0,94
1.209,0,10,8.0,6,0,0,94
1.312,0,10,3.0,6,0,0,94
1.425,0,10,2.0,6,0,0,94
1.528,0,10,2.0,6,0,0,94
1.640,0,10,0.0,6,0,0,94
1.743,0,10,0.0,6,0,0,94
1.856,0,10,3.0,6,0,0,94
1.961,0,10,1.0,6,0,0,94
2.073,0,10,3.0,6,0,0,94
2.183,0,10,-2.0,6,0,0,94
2.294,0,10,-2.0,6,0,0,94
2.406,0,10,-2.0,6,0,0,94
2.518,0,10,-2.0,6,0,0,94
2.630,0,10,-2.0,6,0,0,94
2.740,0,10,-2.0,6,0,0,94
2.852,0,10,-2.0,6,0,0,94
2.964,0,10,-1.0,6,0,0,94
3.077,0,10,-2.0,6,0,0,94
3.190,0,10,3.0,6,0,0,94
3.301,0,10,3.0,6,0,0,94
3.416,0,10,3.0,6,0,0,94
3.526,0,10,0.0,6,0,0,94
3.637,0,10,-4.0,6,0,0,94
3.751,0,10,-4.0,6,0,0,94
3.861,0,10,1.0,6,0,0,94
3.975,0,10,3.0,6,0,0,94
4.084,0,10,1.0,6,0,0,94
4.196,0,10,1.0,6,0,0,94
4.309,0,10,-2.0,6,0,0,94
4.420,0,10,-2.0,6,0,0,94
4.533,0,10,-2.0,6,0,0,94
4.644,0,10,1.0,6,0,0,94
4.761,0,10,2.0,6,0,0,94
4.867,0,10,4.0,6,0,0,94
4.980,0,10,-4.0,6,0,0,94
5.091,0,10,-4.0,6,0,0,94
5.202,0,10,-3.0,6,0,0,94
5.315,0,10,1.0,6,0,0,94
5.431,0,10,-5.0,6,0,0,94
5.545,0,10,-4.0,6,0,0,94
5.655,0,10,-4.0,6,0,0,94
5.764,0,10,-4.0,6,0,0,94
5.864,0,10,-4.0,7,0,0,94
5.981,0,10,-4.0,7,0,0,94
6.090,0,10,-4.0,6,-1,0,94
6.205,0,10,-4.0,6,0,0,94
6.313,10,13,22.0,6,1,0,94
6.419,10,22,48.0,6,2,-1,94
6.535,20,31,47.0,6,2,-1,94
6.639,30,44,65.0,6,2,-1,94
6.753,40,52,71.0,6,3,-1,94
6.869,40,59,80.0,6,2,-1,94
6.972,50,63,83.0,6,2,-1,94
7.081,50,68,88.0,7,2,-1,94
7.188,50,71,86.0,7,1,0,94
7.293,50,74,92.0,6,1,0,94
7.400,60,78,96.0,6,1,0,94
7.515,60,80,103.0,6,1,0,94
7.623,60,81,101.0,6,1,0,94
7.730,60,83,107.0,6,1,0,94
7.837,60,84,109.0,6,1,0,94
7.939,60,85,108.0,6,1,0,94
8.048,60,86,105.0,6,0,-1,94
8.156,70,87,102.0,6,1,-1,94
8.263,70,87,103.0,6,0,-1,94
8.370,70,87,107.0,6,0,-1,94
8.472,70,87,108.0,6,0,-1,94
8.578,70,86,109.0,6,0,-1,94
8.678,70,86,109.0,6,0,-1,94
8.785,70,88,102.0,7,1,-1,94
8.888,70,89,113.0,7,1,-1,94
8.999,70,91,116.0,6,1,-1,94
9.114,70,94,112.0,6,1,-1,94
9.223,80,97,113.0,6,1,-1,94
9.331,80,100,113.0,6,1,-1,94
9.438,80,102,118.0,6,1,-1,94
9.557,80,102,118.0,6,1,-1,94
9.664,90,108,126.0,6,1,-1,94
9.771,90,113,127.0,7,0,-1,94
9.873,100,115,132.0,7,0,-1,94
9.980,100,118,136.0,7,0,-1,94
10.100,100,120,136.0,7,0,0,94
10.207,100,120,136.0,7,0,0,94
10.309,110,127,139.0,7,0,0,94
10.413,110,129,143.0,7,0,0,94
10.530,110,135,146.0,7,0,0,94
10.640,120,137,149.0,7,0,0,94
10.745,120,140,152.0,7,0,0,94
10.852,120,142,153.0,7,0,0,94
10.967,130,145,147.0,7,0,0,94
11.082,130,146,161.0,7,0,0,94
11.189,130,150,157.0,7,0,-1,94
11.297,130,153,161.0,7,0,-1,94
11.404,140,155,162.0,7,0,-1,94
11.512,140,155,163.0,7,0,0,94
11.620,140,158,164.0,7,0,0,94
11.730,140,164,171.0,7,0,0,94
11.836,150,163,165.0,7,0,0,94
11.944,150,165,171.0,7,0,0,94
12.049,150,171,176.0,7,0,0,94
12.152,150,176,180.0,7,0,0,94
12.262,150,176,180.0,7,0,0,94
12.364,160,179,187.0,6,0,0,94
12.471,160,181,179.0,6,0,0,94
12.578,170,183,188.0,6,0,0,94
12.692,170,189,188.0,6,0,0,94
12.796,170,191,184.0,7,0,0,94
12.905,170,193,189.0,7,0,0,94
13.013,180,192,187.0,7,0,0,94
13.121,180,200,194.0,7,1,0,94
13.236,180,202,199.0,7,1,0,94
13.351,180,206,195.0,7,1,0,94
13.471,190,207,201.0,7,0,0,94
13.581,190,212,199.0,7,0,0,94
13.685,200,217,206.0,7,0,0,94
13.789,200,216,201.0,7,0,0,94
13.902,200,220,205.0,7,0,0,94
14.011,200,225,203.0,7,0,0,94
14.115,210,226,204.0,7,0,0,94
14.222,210,227,208.0,7,0,0,94
14.324,210,232,206.0,7,0,0,94
14.424,210,234,208.0,7,0,0,94
14.537,220,236,216.0,7,0,0,94
14.647,220,239,220.0,7,0,0,94
14.761,220,242,213.0,7,0,0,94
14.864,220,247,219.0,7,0,0,94
14.980,230,246,220.0,7,0,0,94
15.085,230,253,218.0,7,0,0,94
15.197,230,250,225.0,6,0,0,94
15.304,240,258,220.0,6,0,0,94
15.408,240,259,228.0,6,0,0,94
15.517,240,260,228.0,6,0,0,94
15.624,240,259,225.0,6,0,0,94
15.740,240,254,226.0,6,0,0,94
15.848,240,259,219.0,6,0,0,94
15.956,240,254,224.0,6,0,0,94
16.063,240,256,233.0,6,0,0,94
16.173,240,254,231.0,6,0,0,94
16.285,240,256,234.0,6,0,0,94
16.389,240,253,226.0,6,0,0,94
16.503,240,253,233.0,6,0,0,94
16.618,240,260,225.0,6,1,0,94
16.722,240,260,225.0,6,1,0,94
16.823,240,257,231.0,7,0,0,94
16.931,240,255,223.0,7,0,0,94
17.038,240,255,232.0,7,1,0,94
17.144,240,258,229.0,7,1,0,94
17.250,240,260,233.0,7,1,0,94
17.359,240,258,229.0,7,1,0,94
17.463,240,258,232.0,7,1,0,94
17.571,240,261,234.0,7,1,0,94
17.673,240,263,234.0,7,1,0,94
17.789,240,256,232.0,7,1,0,94
17.897,240,260,226.0,7,1,0,94
18.004,240,259,234.0,7,1,0,94
18.108,240,259,234.0,7,1,0,94
18.215,240,259,234.0,7,1,0,94
18.321,240,260,236.0,7,1,0,94
18.429,240,257,233.0,7,1,0,94
18.544,240,259,232.0,7,1,0,94
18.658,240,260,232.0,7,1,0,94
18.763,240,261,223.0,7,1,0,94
18.885,240,260,223.0,7,1,0,94
18.999,240,260,223.0,7,1,0,94
19.105,240,258,228.0,7,1,0,94
19.220,240,260,222.0,7,0,0,94
19.336,240,257,229.0,7,0,0,94
19.437,240,259,225.0,7,0,0,94
19.548,240,264,223.0,7,0,0,94
19.648,240,260,227.0,7,0,0,94
19.749,240,260,224.0,7,1,0,94
19.864,240,258,224.0,7,0,0,94
19.971,240,260,227.0,6,1,0,94
20.088,240,259,224.0,6,1,0,94
20.196,240,264,227.0,6,1,0,94
20.304,240,261,227.0,6,1,0,94
20.406,240,259,229.0,6,1,0,94
20.514,240,255,227.0,6,1,0,94
20.622,240,259,224.0,6,1,0,94
20.728,240,261,219.0,7,2,0,94
20.831,240,264,225.0,7,2,0,94
20.938,240,264,225.0,7,2,0,94
21.054,240,260,224.0,7,2,0,94
21.156,240,257,223.0,6,2,0,94
21.264,240,260,220.0,6,2,0,94
21.378,240,261,229.0,6,2,0,94
21.481,240,257,226.0,6,2,0,94
21.588,240,262,228.0,7,2,0,94
21.699,240,262,228.0,7,2,0,94
21.814,240,260,219.0,7,2,0,94
21.921,240,264,227.0,7,2,0,94
22.021,240,264,227.0,7,2,0,94
22.136,240,259,222.0,7,2,1,94
22.239,240,257,224.0,7,2,1,94
22.347,240,261,225.0,7,2,1,94
22.448,240,262,229.0,7,2,0,94
22.560,240,262,229.0,7,2,0,94
22.669,240,257,221.0,6,2,-3,94
22.773,240,260,223.0,6,1,-5,94
22.880,240,262,226.0,6,2,-5,94
22.995,240,264,234.0,6,2,-5,94
23.097,240,258,223.0,6,2,-5,94
23.204,240,260,228.0,6,2,-4,94
23.319,240,262,229.0,6,2,-3,94
23.431,240,262,234.0,6,2,-3,94
23.539,240,265,231.0,7,3,0,94
23.655,240,259,231.0,7,3,1,94
23.764,240,257,228.0,7,3,3,94
23.872,240,261,225.0,7,3,3,94
23.984,240,264,225.0,9,3,2,94
24.090,240,260,228.0,12,2,2,94
24.197,240,260,216.0,15,2,2,94
24.302,240,257,222.0,17,2,2,94
24.404,240,263,216.0,20,1,2,94
24.508,240,259,218.0,22,1,2,94
24.614,240,258,219.0,25,1,2,94
24.722,240,259,221.0,26,1,1,94
24.832,240,255,216.0,26,1,1,94
24.948,240,260,218.0,26,1,1,94
25.055,240,256,222.0,26,1,1,94
25.171,240,259,219.0,26,2,2,94
25.280,240,259,219.0,26,2,2,94
25.385,240,256,219.0,26,2,-2,94
25.489,240,256,219.0,26,2,-2,94
25.597,240,258,218.0,26,3,-4,94
25.712,240,259,218.0,26,3,-4,94
25.818,240,259,218.0,26,3,-4,94
25.934,240,262,213.0,26,2,-3,94
26.049,240,259,216.0,26,2,-3,94
26.161,240,261,218.0,26,2,-3,94
26.261,240,258,221.0,26,2,-2,94
26.371,240,258,221.0,26,2,-2,94
26.473,240,256,218.0,26,2,-2,94
26.587,240,259,215.0,26,3,-1,94
26.695,240,259,223.0,26,3,-1,94
26.803,240,253,217.0,26,3,-1,94
26.905,240,256,212.0,26,3,1,94
27.013,240,254,216.0,26,2,2,94
27.121,240,253,219.0,26,2,2,94
27.231,240,252,215.0,26,2,2,94
27.339,240,253,212.0,26,2,2,94
27.447,230,255,218.0,26,2,2,94
27.553,230,256,226.0,26,2,2,94
27.656,230,251,220.0,26,2,1,94
27.764,230,253,220.0,27,2,1,94
27.874,230,256,222.0,30,2,1,94
27.984,240,255,222.0,32,2,0,94
28.084,240,255,222.0,32,2,0,94
28.187,240,253,218.0,37,2,1,94
28.297,240,256,218.0,40,1,4,94
28.420,240,254,213.0,43,1,2,94
28.526,240,258,212.0,45,1,1,94
28.631,240,255,215.0,48,2,0,94
28.731,240,255,220.0,49,2,0,94
28.854,240,255,216.0,50,2,0,94
28.967,240,255,216.0,50,2,0,94
29.073,240,253,216.0,50,2,0,94
29.184,240,259,211.0,50,2,0,94
29.286,240,259,211.0,50,2,0,94
29.389,240,259,215.0,49,2,-4,94
29.498,240,255,216.0,49,2,-5,94
29.618,240,254,223.0,49,2,-5,94
29.719,240,252,220.0,49,2,-5,94
29.833,240,254,219.0,49,2,-4,94
29.947,240,254,221.0,49,2,-4,94
30.051,240,253,217.0,49,2,-3,94
30.167,240,254,215.0,50,1,0,94
30.275,240,253,221.0,50,2,1,94
30.391,240,258,216.0,50,1,2,94
30.494,240,258,210.0,50,1,2,94
30.599,240,253,213.0,50,1,2,94
30.714,240,250,211.0,50,1,2,94
30.824,240,250,221.0,50,1,2,94
30.938,240,251,214.0,50,1,2,94
31.052,240,255,220.0,50,1,1,94
31.162,240,256,218.0,50,1,1,94
31.265,240,259,225.0,50,1,1,94
31.381,240,258,230.0,50,1,3,94
31.496,240,258,230.0,50,1,3,94
31.598,250,268,229.0,50,1,2,94
31.705,250,264,221.0,50,1,1,94
31.806,250,269,221.0,50,1,0,94
31.915,250,272,223.0,50,1,0,94
32.022,250,274,227.0,50,1,0,94
32.133,250,274,227.0,50,1,0,94
32.240,250,273,222.0,50,0,0,94
32.346,250,274,234.0,50,1,0,94
32.456,250,270,225.0,50,1,0,94
32.557,250,274,225.0,50,1,0,94
32.672,250,274,225.0,50,1,0,94
32.774,250,269,223.0,50,1,0,94
32.881,250,269,226.0,50,1,0,94
32.989,250,268,231.0,50,1,0,94
33.097,250,269,229.0,50,1,0,94
33.206,250,273,228.0,50,1,0,94
33.308,250,273,228.0,50,1,0,94
33.425,250,264,230.0,50,1,1,94
33.526,250,269,226.0,50,1,1,94
33.629,250,269,226.0,50,1,1,94
33.731,250,270,223.0,50,1,0,94
33.852,250,270,223.0,50,1,0,94
33.956,250,272,231.0,50,2,0,94
34.056,250,270,227.0,50,2,-1,94
34.163,250,269,228.0,50,2,-4,94
34.271,250,272,230.0,50,2,-5,94
34.378,250,270,225.0,50,2,-5,94
34.484,250,273,231.0,50,2,-5,94
34.598,250,276,233.0,50,2,-4,94
34.716,250,274,229.0,50,2,-4,94
34.831,250,276,227.0,50,2,-3,94
34.932,250,267,228.0,50,2,-2,94
35.049,250,272,225.0,50,3,-2,94
35.156,250,272,225.0,50,3,-2,94
35.265,250,265,221.0,50,3,-2,94
35.374,250,271,224.0,50,2,0,94
35.475,250,265,225.0,50,3,2,94
35.590,250,269,227.0,50,3,3,94
35.702,250,269,227.0,50,3,3,94
35.822,250,268,232.0,52,3,2,94
35.933,250,269,227.0,55,2,2,94
36.038,250,267,229.0,57,2,2,94
36.140,250,266,228.0,60,2,2,94
36.256,250,270,227.0,66,2,2,94
36.364,250,268,223.0,69,1,2,94
36.465,250,268,223.0,69,1,2,94
36.573,250,268,230.0,70,1,2,94
36.681,250,267,226.0,71,1,2,94
36.795,250,269,221.0,71,0,3,94
36.898,250,271,221.0,71,0,4,94
37.005,250,271,221.0,71,0,4,94
37.120,250,271,229.0,71,0,2,94
37.233,250,271,223.0,71,0,1,94
37.344,250,266,226.0,71,1,1,94
37.457,250,270,233.0,71,1,1,94
37.569,250,268,226.0,71,1,1,94
37.679,250,272,221.0,71,1,0,94
37.790,250,269,224.0,71,1,0,94
37.894,250,269,224.0,71,1,0,94
37.999,250,264,219.0,71,1,0,94
38.106,250,270,223.0,71,1,0,94
38.214,250,268,230.0,71,1,0,94
38.322,250,269,229.0,71,1,0,94
38.423,250,268,238.0,71,1,0,94
38.533,250,270,224.0,71,1,0,94
38.638,250,270,232.0,71,1,0,94
38.749,250,267,229.0,71,2,0,94
38.865,250,269,223.0,71,2,0,94
38.970,250,268,237.0,71,2,-2,94
39.089,250,272,231.0,71,2,-3,94
39.197,250,277,236.0,71,2,-4,94
39.306,250,274,244.0,71,2,-4,94
39.414,250,277,237.0,71,2,-3,94
39.528,250,277,237.0,71,2,-3,94
39.636,250,272,236.0,71,2,-2,94
39.751,250,273,231.0,71,2,-2,94
39.865,250,281,230.0,71,2,-1,94
39.968,250,277,233.0,71,1,-1,94
40.084,250,278,233.0,71,1,0,94
40.189,250,274,237.0,71,1,0,94
40.297,250,274,237.0,71,1,0,94
40.400,250,275,234.0,71,1,0,94
40.507,250,268,240.0,71,1,0,94
40.621,250,268,240.0,71,1,0,94
40.723,250,272,240.0,71,1,0,94
40.830,250,271,247.0,71,1,0,94
40.934,250,276,241.0,71,1,2,94
41.039,250,275,245.0,71,1,3,94
41.142,250,274,238.0,71,1,4,94
41.243,250,269,227.0,71,1,4,94
41.348,250,267,231.0,71,1,4,94
41.458,250,265,233.0,71,1,3,94
41.565,250,264,234.0,72,1,3,94
41.673,250,264,234.0,72,1,3,94
41.785,250,262,224.0,76,1,3,94
41.898,250,260,233.0,78,1,2,94
42.013,250,258,227.0,81,1,2,94
42.114,250,258,227.0,81,1,2,94
42.222,250,260,229.0,86,0,2,94
42.324,250,259,229.0,89,0,2,94
42.434,250,261,230.0,90,-1,5,94
42.539,250,262,236.0,90,-1,4,94
42.647,250,258,238.0,90,-1,3,94
42.753,250,260,234.0,90,-1,2,94
42.861,250,263,240.0,90,-1,2,94
42.967,250,265,239.0,90,-1,0,94
43.077,250,273,236.0,90,-1,-1,94
43.179,250,274,229.0,91,-1,-3,94
43.284,250,279,229.0,91,0,-3,94
43.385,250,278,234.0,90,-1,-4,94
43.493,250,272,235.0,90,-2,-4,94
43.601,250,270,229.0,90,-2,-3,94
43.701,250,268,234.0,90,-2,-2,94
43.818,250,273,234.0,90,-1,-1,94
43.933,250,276,218.0,90,0,0,94
44.034,250,278,224.0,90,0,0,94
44.141,250,278,224.0,90,0,0,94
44.247,250,279,227.0,90,-1,-1,94
44.350,250,279,227.0,90,-1,-1,94
44.454,260,274,243.0,90,-1,0,94
44.555,260,280,236.0,90,-1,0,94
44.656,260,281,232.0,90,-1,0,94
44.771,260,277,245.0,90,-1,0,94
44.879,260,275,242.0,90,-1,0,94
44.994,260,277,244.0,90,-1,0,94
45.099,260,277,244.0,90,-1,0,94
45.205,260,274,245.0,90,-1,0,94
45.308,260,271,238.0,90,-1,0,94
45.415,250,271,237.0,90,-1,0,94
45.523,250,272,235.0,90,-1,0,94
45.632,250,269,229.0,90,-1,0,94
45.745,250,264,228.0,90,-1,0,94
45.848,250,264,228.0,90,-1,0,94
45.956,250,263,229.0,90,-1,0,94
46.071,250,264,233.0,90,-1,0,94
46.173,250,264,234.0,90,-1,0,94
46.274,250,264,234.0,90,-1,0,94
46.378,250,259,232.0,90,-1,0,94
46.492,250,261,233.0,90,-2,0,94
46.606,250,257,227.0,90,-1,2,94
46.707,250,264,227.0,90,-2,3,94
46.815,250,262,227.0,90,-2,3,94
46.919,250,265,228.0,90,-2,4,94
47.028,250,267,223.0,90,-2,3,94
47.133,250,266,223.0,90,-2,3,94
47.239,250,267,217.0,93,-2,3,94
47.341,250,261,224.0,95,-2,3,94
47.450,250,261,224.0,95,-2,3,94
47.556,250,269,224.0,103,-2,2,94
47.672,250,268,236.0,105,-2,1,94
47.780,250,273,230.0,108,-2,1,94
47.894,250,271,229.0,111,-3,1,94
48.003,250,270,230.0,113,-3,1,94
48.105,250,274,228.0,116,-4,3,94
48.213,250,270,226.0,118,-4,2,94
48.323,250,273,221.0,121,-3,1,94
48.440,250,273,220.0,123,-3,1,94
48.556,250,272,219.0,124,-2,0,94
48.671,250,273,218.0,124,-2,0,94
48.773,250,273,215.0,124,-2,0,94
48.882,250,275,218.0,124,-2,0,94
48.989,250,273,208.0,124,-2,0,94
49.104,250,273,208.0,124,-2,0,94
49.211,250,270,215.0,124,-2,0,94
49.319,250,270,215.0,124,-2,0,94
49.432,250,280,218.0,125,-3,-6,94
49.543,250,280,218.0,125,-3,-6,94
49.648,250,280,223.0,125,-3,-6,94
49.751,250,280,223.0,125,-3,-6,94
49.858,250,280,223.0,125,-3,-6,94
49.973,250,280,223.0,125,-3,-6,94
50.075,260,276,211.0,124,-3,-3,94
50.183,260,276,211.0,124,-3,-3,94
50.286,260,276,211.0,124,-3,-3,94
50.391,260,276,211.0,124,-3,-3,94
50.500,260,276,211.0,124,-3,-3,94
50.612,260,276,211.0,124,-3,-3,94
50.720,260,276,211.0,124,-3,-3,94
50.826,260,276,211.0,124,-3,-3,94
50.926,260,276,211.0,124,-3,-3,94
51.036,260,276,211.0,124,-3,-3,94
51.140,250,263,204.0,124,-3,-2,94
51.249,250,263,204.0,124,-3,-2,94
51.351,250,263,200.0,124,-3,-2,94
51.456,250,263,200.0,124,-3,-2,94
51.561,250,263,200.0,124,-3,-2,94
51.669,250,263,200.0,124,-3,-2,94
51.781,250,265,204.0,124,-3,-2,94
51.882,250,265,204.0,124,-3,-2,94
51.996,250,268,210.0,124,-3,1,94
52.100,250,268,210.0,124,-3,1,94
52.207,250,272,199.0,124,-4,1,94
52.315,250,272,199.0,124,-4,1,94
52.422,250,272,199.0,124,-4,1,94
52.532,250,272,203.0,124,-4,1,94
52.654,250,272,203.0,124,-4,1,94
52.763,250,274,208.0,124,-4,1,94
52.870,250,272,203.0,124,-4,1,94
52.982,250,272,194.0,124,-4,1,94
53.089,250,274,205.0,124,-4,1,94
53.205,250,270,207.0,124,-4,1,94
53.309,250,270,207.0,124,-4,1,94
53.415,250,271,199.0,128,-4,4,94
53.523,250,277,201.0,131,-4,2,94
53.624,250,275,213.0,134,-4,2,94
53.726,250,270,191.0,136,-4,0,94
53.832,250,274,207.0,139,-5,0,94
53.939,250,276,194.0,142,-5,0,94
54.048,250,274,205.0,145,-5,0,94
54.156,250,276,201.0,146,-5,0,94
54.259,250,275,206.0,146,-5,0,94
54.365,250,276,208.0,146,-5,0,94
54.473,250,277,199.0,146,-5,0,94
54.589,250,277,202.0,146,-4,0,94
54.706,250,272,197.0,146,-4,-3,94
54.818,250,280,196.0,146,-4,-6,94
54.926,250,280,205.0,146,-4,-7,94
55.048,250,282,210.0,146,-4,-7,94
55.157,250,274,201.0,146,-4,-6,94
55.265,250,275,205.0,146,-4,-6,94
55.382,250,275,205.0,146,-4,-6,94
55.493,250,274,200.0,146,-3,-5,94
55.597,250,277,203.0,146,-3,-4,94
55.704,250,275,202.0,146,-3,-4,94
55.817,250,270,206.0,146,-3,-4,94
55.931,250,267,208.0,146,-3,-3,94
56.046,250,273,200.0,146,-3,-3,94
56.155,250,269,201.0,146,-3,-3,94
56.271,250,272,207.0,146,-3,-3,94
56.378,250,268,215.0,146,-2,-4,94
56.482,250,268,215.0,146,-2,-4,94
56.592,250,270,213.0,146,-3,-4,94
56.696,250,274,214.0,146,-3,-4,94
56.803,250,273,215.0,146,-3,-4,94
56.916,250,271,211.0,146,-3,-4,94
57.027,250,273,211.0,146,-3,-3,94
57.138,250,272,222.0,146,-4,-3,94
57.247,250,272,220.0,146,-3,-3,94
57.362,250,275,223.0,146,-3,-3,94
57.470,250,268,220.0,146,-3,-4,94
57.586,250,272,218.0,146,-3,-3,94
57.694,250,271,216.0,146,-3,-3,94
57.800,250,271,225.0,146,-2,-4,94
57.915,250,270,216.0,146,-2,-4,94
58.035,250,271,217.0,146,-1,-3,93
58.136,250,271,217.0,146,-1,-3,93
58.240,250,273,214.0,146,-1,0,93
58.348,250,272,216.0,146,-1,0,93
58.455,250,274,223.0,146,-1,0,93
58.555,250,274,223.0,146,-1,0,93
58.657,250,274,222.0,151,-1,0,93
58.772,260,275,220.0,154,0,0,93
58.895,260,273,228.0,156,0,0,93
59.007,260,267,226.0,159,0,0,93
59.117,250,270,225.0,161,0,0,93
59.225,250,272,223.0,164,0,-1,93
59.341,250,269,232.0,166,0,-1,93
59.455,250,268,226.0,168,0,-1,93
59.567,250,268,231.0,168,-1,1,93
59.674,250,269,227.0,168,0,0,93
59.790,250,269,218.0,168,0,-2,93
59.895,250,271,227.0,168,0,-4,93
60.007,250,267,224.0,168,0,-6,93
60.115,250,267,224.0,168,0,-6,93
60.222,250,268,230.0,168,0,-8,93
60.329,250,268,219.0,168,0,-8,93
60.445,250,270,227.0,168,0,-7,93
60.551,250,271,227.0,168,0,-7,93
60.656,250,270,230.0,168,0,-6,93
60.771,250,271,231.0,168,0,-6,93
60.884,250,270,233.0,168,0,-5,93
60.990,250,270,231.0,168,0,-4,93
61.093,250,271,234.0,168,0,-4,93
61.196,250,269,229.0,168,0,-4,93
61.306,250,265,228.0,168,0,-3,93
61.414,250,265,228.0,168,0,-3,93
61.523,250,265,228.0,168,0,-3,93
61.629,250,264,226.0,168,1,-4,93
61.736,250,268,233.0,168,1,-4,93
61.839,250,269,236.0,168,0,-4,93
61.947,250,267,230.0,168,1,-4,93
62.056,250,266,236.0,168,1,-4,93
62.162,250,268,232.0,168,1,-4,93
62.279,250,272,235.0,168,1,-4,93
62.381,250,273,245.0,168,1,-4,93
62.490,250,269,234.0,168,1,-3,93
62.590,250,270,238.0,168,1,-3,93
62.697,250,268,228.0,168,1,-3,93
62.806,250,271,230.0,168,1,-3,93
62.913,250,272,236.0,168,1,-3,93
63.018,250,277,231.0,168,1,-3,92
63.125,250,278,233.0,168,1,-3,92
63.233,250,275,243.0,168,1,-2,92
63.345,250,275,243.0,168,1,-2,92
63.457,250,273,240.0,168,1,0,92
63.562,260,280,237.0,168,1,1,92
63.681,260,272,228.0,168,1,0,92
63.791,260,271,230.0,168,1,0,92
63.909,260,281,227.0,168,1,0,92
64.013,260,279,237.0,168,1,0,92
64.127,260,270,234.0,168,1,0,92
64.232,260,276,234.0,168,1,0,92
64.340,260,272,223.0,169,0,0,92
64.449,260,278,240.0,173,1,-1,92
64.554,260,278,240.0,173,1,-1,92
64.670,260,277,238.0,176,1,-1,92
64.779,250,265,237.0,-178,0,0,92
64.888,250,271,236.0,-175,0,2,92
64.998,250,269,241.0,-172,0,0,92
65.099,250,267,236.0,-169,0,0,92
65.207,250,267,239.0,-167,0,0,92
65.310,250,264,230.0,-167,0,-1,92
65.414,250,266,230.0,-167,1,-1,92
65.519,250,266,230.0,-167,1,-1,92
65.624,250,264,234.0,-166,1,-1,92
65.729,250,266,233.0,-166,1,-1,92
65.840,250,268,232.0,-166,2,-2,92
65.942,250,272,237.0,-166,2,-4,92
66.050,250,272,239.0,-167,2,-7,92
66.158,250,273,235.0,-167,2,-8,92
66.264,250,278,242.0,-166,1,-8,92
66.365,250,278,241.0,-167,1,-7,92
66.473,250,274,230.0,-167,1,-6,92
66.575,250,278,237.0,-166,0,-6,92
66.682,250,277,243.0,-166,0,-5,92
66.790,250,274,239.0,-167,0,-5,92
66.897,250,276,239.0,-167,0,-3,92
67.015,250,275,231.0,-167,1,-3,92
67.121,250,277,237.0,-167,1,-3,92
67.237,250,273,231.0,-167,1,-3,92
67.350,250,275,229.0,-167,0,-2,92
67.457,250,278,239.0,-167,0,-3,92
67.562,250,272,239.0,-167,0,-3,92
67.667,250,276,232.0,-167,0,-3,92
67.782,250,278,236.0,-166,0,-3,92
67.890,250,275,237.0,-166,0,-2,92
67.999,250,272,240.0,-166,0,-2,92
68.105,250,269,227.0,-167,0,0,92
68.221,250,274,229.0,-167,0,2,92
68.327,250,276,228.0,-167,0,2,92
68.434,250,273,237.0,-167,0,1,92
68.541,250,270,232.0,-166,0,1,92
68.656,250,275,235.0,-164,0,1,92
68.763,250,270,236.0,-162,0,1,92
68.874,250,272,245.0,-161,0,1,92
68.981,250,267,229.0,-159,0,1,92
69.096,250,273,232.0,-157,0,1,91
69.204,250,273,232.0,-157,0,1,91
69.320,250,274,244.0,-156,0,1,91
69.433,250,276,244.0,-157,0,0,91
69.541,250,276,248.0,-158,0,0,91
69.657,250,272,247.0,-159,0,1,91
69.765,250,272,250.0,-159,0,3,91
69.873,250,271,244.0,-159,0,2,91
69.980,250,273,251.0,-159,0,-2,91
70.082,250,270,242.0,-159,0,-4,91
70.190,250,275,242.0,-159,0,-5,91
70.299,250,271,244.0,-159,0,-5,91
70.407,250,271,234.0,-159,0,-5,91
70.515,250,272,234.0,-159,0,-5,91
70.630,250,270,240.0,-159,0,-4,91
70.734,250,268,239.0,-159,0,-3,91
70.848,250,271,241.0,-159,0,-2,91
70.956,250,269,237.0,-159,0,-2,91
71.069,250,268,243.0,-158,0,-2,91
71.180,250,268,240.0,-158,0,-2,91
71.282,250,266,242.0,-158,0,-2,91
71.388,250,264,248.0,-158,0,-2,91
71.502,250,259,236.0,-158,0,0,91
71.615,250,259,236.0,-158,0,0,91
71.723,250,264,244.0,-159,0,2,91
71.830,250,263,236.0,-159,0,2,91
71.936,250,260,228.0,-159,0,2,91
72.042,250,259,234.0,-159,0,3,91
72.150,250,267,234.0,-158,0,3,91
72.261,250,265,232.0,-155,0,2,91
72.369,250,267,224.0,-152,0,2,91
72.474,250,267,230.0,-149,0,1,91
72.582,250,267,230.0,-149,0,1,91
72.685,250,265,232.0,-143,0,2,91
72.785,250,265,232.0,-143,0,2,91
72.899,250,269,249.0,-137,0,1,91
73.002,250,273,241.0,-136,0,1,91
73.109,250,272,243.0,-136,0,0,91
73.213,250,270,248.0,-137,0,2,91
73.315,250,271,230.0,-137,0,1,91
73.422,250,268,234.0,-137,0,0,91
73.532,250,272,238.0,-137,1,0,91
73.634,250,270,232.0,-137,1,0,91
73.741,250,270,232.0,-137,1,0,91
73.847,250,265,238.0,-136,1,0,91
73.957,250,266,237.0,-136,1,0,91
74.072,250,266,237.0,-136,1,0,91
74.173,250,271,241.0,-136,1,-1,90
74.282,250,270,238.0,-136,1,-1,90
74.391,250,265,230.0,-136,1,-1,90
74.500,250,270,246.0,-136,0,-2,90
74.607,250,264,240.0,-136,0,-4,90
74.715,250,266,238.0,-136,0,-6,90
74.816,250,269,248.0,-136,0,-6,90
74.924,250,267,236.0,-136,1,-6,90
75.031,250,271,239.0,-136,0,-5,90
75.140,250,272,236.0,-136,1,-1,90
75.242,250,272,242.0,-136,1,0,90
75.350,250,272,242.0,-136,1,0,90
75.453,250,272,242.0,-136,1,0,90
75.563,250,269,248.0,-136,1,0,90
75.668,250,268,243.0,-136,1,0,90
75.774,250,273,244.0,-136,1,0,90
75.883,250,269,235.0,-136,1,0,90
75.991,250,276,241.0,-136,1,0,90
76.099,250,276,241.0,-136,1,0,90
76.209,250,275,235.0,-136,1,0,90
76.324,250,267,240.0,-136,1,1,90
76.433,250,272,239.0,-136,1,1,90
76.542,250,269,240.0,-136,1,0,90
76.653,250,269,239.0,-136,1,-1,90
76.768,250,270,245.0,-136,1,-2,90
76.873,250,270,245.0,-136,1,-2,90
76.977,250,271,249.0,-136,1,-2,90
77.079,250,271,249.0,-136,1,-2,90
77.182,250,271,241.0,-136,1,-3,90
77.303,250,273,243.0,-136,1,-5,90
77.405,250,270,240.0,-136,1,-7,90
77.507,250,265,239.0,-136,2,-7,90
77.615,250,271,234.0,-136,2,-7,90
77.715,250,272,236.0,-136,2,-6,90
77.817,250,268,239.0,-136,2,-5,90
77.932,250,266,235.0,-136,2,-5,90
78.038,250,273,235.0,-136,2,-5,90
78.145,250,272,228.0,-136,2,-4,90
78.254,250,272,228.0,-136,2,-4,90
78.364,250,267,237.0,-136,2,-4,90
78.466,250,271,230.0,-136,2,-3,90
78.573,250,271,230.0,-136,2,-3,90
78.673,250,263,233.0,-136,2,-3,90
78.790,250,262,225.0,-137,2,-3,90
78.898,250,261,227.0,-137,2,-3,90
79.007,250,267,229.0,-136,1,-3,90
79.123,250,264,226.0,-136,1,-3,90
79.231,250,270,228.0,-136,1,-3,90
79.335,250,269,228.0,-136,1,-3,90
79.443,250,269,228.0,-136,1,-3,90
79.549,250,267,227.0,-136,1,-3,90
79.649,250,273,226.0,-136,1,-2,90
79.756,250,269,227.0,-136,1,-2,90
79.864,250,269,227.0,-136,1,-2,90
79.974,250,269,234.0,-136,1,-3,90
80.079,250,272,228.0,-136,1,-3,90
80.183,250,270,233.0,-136,1,-2,90
80.290,250,274,230.0,-136,1,-2,90
80.399,250,269,236.0,-136,2,-2,90
80.505,250,271,232.0,-136,2,0,90
80.615,250,272,237.0,-136,2,2,90
80.716,250,274,234.0,-136,2,2,90
80.831,250,276,238.0,-136,2,2,90
80.947,250,271,233.0,-134,2,2,90
81.054,250,270,230.0,-131,2,2,90
81.160,250,267,226.0,-129,1,3,90
81.266,250,273,228.0,-126,1,3,90
81.366,250,270,230.0,-124,1,2,90
81.479,250,269,231.0,-121,1,2,90
81.594,250,271,230.0,-116,0,2,90
81.701,250,269,232.0,-114,0,2,90
81.815,250,269,234.0,-112,0,2,90
81.925,250,272,233.0,-110,0,1,90
82.040,250,268,231.0,-108,0,1,90
82.141,250,268,231.0,-108,0,1,90
82.257,250,270,234.0,-103,0,3,90
82.364,250,269,239.0,-101,0,2,90
82.466,250,273,240.0,-100,1,2,90
82.570,250,271,235.0,-100,1,1,90
82.682,250,273,232.0,-100,1,1,90
82.789,250,268,236.0,-100,1,1,90
82.890,250,271,242.0,-101,2,1,90
83.003,250,270,234.0,-101,2,1,90
83.114,250,270,234.0,-101,2,1,90
83.218,250,267,236.0,-101,1,0,89
83.332,250,272,234.0,-101,1,-3,89
83.438,250,276,233.0,-101,1,-4,89
83.541,250,270,235.0,-101,1,-4,89
83.647,250,274,236.0,-101,0,-3,89
83.755,250,267,240.0,-101,0,-2,89
83.856,250,271,237.0,-101,0,-2,89
83.971,250,268,231.0,-101,0,-2,89
84.086,250,272,237.0,-101,0,-1,89
84.193,250,276,230.0,-101,0,-1,89
84.294,250,270,235.0,-100,0,-1,89
84.406,250,270,233.0,-100,0,0,89
84.515,250,272,235.0,-100,0,0,89
84.622,250,275,237.0,-100,0,-1,89
84.731,250,275,237.0,-100,0,-1,89
84.841,250,271,238.0,-101,1,0,89
84.948,250,266,236.0,-101,1,-1,89
85.055,250,271,232.0,-101,1,-1,89
85.170,250,275,234.0,-101,1,0,89
85.274,250,270,240.0,-101,1,0,89
85.389,250,269,238.0,-101,2,0,89
85.498,250,263,239.0,-101,2,0,89
85.600,250,267,234.0,-101,2,0,89
85.709,250,268,237.0,-101,2,0,89
85.816,250,271,237.0,-101,2,0,89
85.924,250,268,233.0,-101,2,0,89
86.039,250,264,232.0,-101,1,0,89
86.139,250,271,230.0,-101,2,-1,89
86.241,250,271,233.0,-101,2,-1,89
86.349,250,271,237.0,-100,2,-1,89
86.449,250,271,226.0,-100,2,-1,89
86.557,250,270,232.0,-101,3,-1,89
86.666,250,269,235.0,-101,3,-1,89
86.766,250,273,233.0,-101,2,-1,89
86.874,250,268,230.0,-101,2,-1,89
86.982,250,273,228.0,-101,2,-1,89
87.090,250,271,225.0,-101,2,-1,89
87.198,250,272,229.0,-101,2,-1,89
87.313,250,266,235.0,-101,2,-1,89
87.418,250,266,230.0,-101,2,-1,89
87.525,250,264,231.0,-101,2,-1,89
87.640,250,263,239.0,-101,2,-1,89
87.747,250,264,233.0,-101,1,-2,89
87.849,250,259,227.0,-101,1,-2,89
87.956,250,254,233.0,-101,0,-1,89
88.057,240,260,241.0,-101,0,-2,89
88.172,240,260,237.0,-101,0,-2,89
88.273,240,267,241.0,-101,0,-3,89
88.380,250,269,242.0,-101,0,-3,89
88.490,250,271,242.0,-101,0,-3,89
88.599,250,276,243.0,-101,0,-3,89
88.706,250,274,243.0,-101,0,-3,89
88.815,250,274,243.0,-101,0,-3,89
88.924,250,274,249.0,-101,0,-3,89
89.043,250,274,245.0,-100,0,-3,88
89.158,250,267,244.0,-101,0,0,88
89.266,250,270,243.0,-101,0,1,88
89.373,250,270,247.0,-100,0,1,88
89.480,250,271,241.0,-100,0,1,88
89.589,250,270,249.0,-100,0,1,88
89.698,250,270,247.0,-98,0,1,88
89.800,250,270,246.0,-95,0,1,88
89.907,250,275,248.0,-93,0,1,88
90.023,250,273,244.0,-90,0,1,88
90.139,250,272,243.0,-88,0,1,88
90.240,250,278,248.0,-85,0,0,88
90.349,250,278,248.0,-85,0,0,88
90.460,250,274,255.0,-81,0,0,88
90.566,250,273,247.0,-78,0,0,88
90.675,250,274,250.0,-78,0,0,88
90.783,250,275,248.0,-78,0,1,88
90.899,250,273,245.0,-78,0,0,88
91.004,250,271,254.0,-78,0,0,88
91.108,250,270,253.0,-78,1,0,88
91.219,250,273,244.0,-78,1,-1,88
91.320,250,271,247.0,-78,1,-4,88
91.434,250,273,249.0,-78,1,-6,88
91.549,250,275,250.0,-78,1,-7,88
91.656,250,273,251.0,-78,1,-7,88
91.771,250,275,245.0,-78,1,-6,88
91.881,250,272,250.0,-78,1,-6,88
91.984,250,277,240.0,-78,0,-5,88
92.091,250,273,247.0,-78,0,-5,88
92.200,250,272,254.0,-78,0,-3,88
92.306,250,273,244.0,-78,0,-3,88
92.416,250,272,242.0,-78,0,-3,88
92.524,250,266,241.0,-78,0,-3,88
92.636,250,268,246.0,-78,0,-3,88
92.743,250,269,242.0,-78,0,-3,88
92.849,250,267,239.0,-78,0,-3,88
92.957,250,265,244.0,-78,0,-3,88
93.072,250,268,236.0,-78,0,-3,88
93.182,250,269,242.0,-78,0,-3,88
93.288,250,266,242.0,-78,0,-3,88
93.401,250,267,244.0,-78,0,-3,88
93.517,250,268,253.0,-78,0,-3,88
93.630,250,267,249.0,-78,0,-2,88
93.745,250,267,252.0,-78,0,-2,88
93.854,250,267,247.0,-78,0,-3,88
93.958,250,267,243.0,-78,0,-3,88
94.073,250,266,249.0,-78,0,-2,88
94.181,250,267,246.0,-78,0,0,88
94.291,250,267,246.0,-78,0,0,88
94.402,250,270,246.0,-78,0,1,88
94.507,250,269,246.0,-78,0,1,88
94.616,250,272,248.0,-76,0,1,88
94.723,250,269,252.0,-74,0,1,88
94.824,250,275,252.0,-72,0,1,88
94.940,250,277,256.0,-69,0,1,88
95.042,250,278,248.0,-67,0,1,88
95.149,250,281,250.0,-64,-1,0,88
95.257,260,279,255.0,-61,-1,0,88
95.373,260,277,251.0,-59,-1,0,88
95.474,260,277,254.0,-56,-1,0,88
95.580,260,278,256.0,-56,-1,0,88
95.693,260,277,254.0,-56,-1,0,88
95.801,260,279,254.0,-56,-1,2,88
95.908,260,274,254.0,-56,-1,2,88
96.023,260,274,248.0,-56,0,-1,87
96.135,250,281,254.0,-56,0,-4,87
96.241,250,277,262.0,-56,0,-5,87
96.349,250,276,254.0,-56,0,-6,87
96.455,250,277,251.0,-56,0,-7,87
96.570,250,273,258.0,-56,0,-7,87
96.676,250,276,254.0,-56,0,-6,87
96.792,260,274,248.0,-56,0,-5,87
96.905,250,280,256.0,-56,0,-4,87
97.021,250,278,251.0,-56,0,-4,87
97.133,250,279,251.0,-56,0,-4,87
97.240,250,282,250.0,-56,0,-3,87
97.341,260,282,247.0,-56,0,-3,87
97.458,260,284,254.0,-56,0,-3,87
97.561,260,286,246.0,-56,0,-3,87
97.677,260,284,249.0,-56,0,-3,87
97.784,260,285,250.0,-56,0,-3,87
97.891,260,279,246.0,-56,0,-3,87
98.000,260,279,244.0,-56,0,-3,87
98.105,260,281,239.0,-56,0,-3,87
98.216,260,276,244.0,-56,0,-3,87
98.316,260,276,244.0,-56,0,-3,87
98.425,260,271,234.0,-56,0,-3,87
98.541,260,268,233.0,-56,0,-3,87
98.641,260,268,233.0,-56,0,-3,87
98.747,250,266,239.0,-56,0,-2,87
98.854,250,259,225.0,-56,0,-2,87
98.961,250,258,226.0,-56,0,-3,87
99.069,250,261,226.0,-56,0,-3,87
99.169,240,258,220.0,-56,0,-3,87
99.276,240,256,223.0,-56,0,-3,87
99.390,240,258,229.0,-56,0,-3,87
99.490,240,260,232.0,-56,0,-3,87
99.591,240,256,232.0,-56,0,-3,87
99.705,240,256,239.0,-56,0,-3,87
99.808,240,262,237.0,-56,0,-3,87
99.923,240,265,227.0,-56,0,-1,87
100.033,240,265,227.0,-56,0,0,87
100.140,250,266,232.0,-56,0,0,87
100.240,250,262,237.0,-56,0,1,87
100.349,250,269,240.0,-56,0,1,87
100.458,250,268,240.0,-56,0,1,87
100.572,250,270,235.0,-56,0,0,87
100.682,250,272,239.0,-56,0,0,87
100.787,250,266,237.0,-56,0,0,87
100.900,250,271,241.0,-56,0,0,87
101.011,250,275,238.0,-56,0,0,87
101.116,260,278,234.0,-56,0,0,87
101.232,260,281,242.0,-56,0,0,87
101.341,260,290,249.0,-56,0,2,87
101.457,270,291,256.0,-56,0,1,87
101.558,270,291,256.0,-56,0,1,87
101.673,270,296,255.0,-56,0,0,87
101.793,270,294,265.0,-56,0,0,87
101.906,280,298,262.0,-56,0,-1,87
102.022,280,305,262.0,-56,0,-1,87
102.134,280,303,257.0,-56,0,-2,87
102.243,280,300,265.0,-56,0,-4,87
102.356,280,304,262.0,-56,0,-6,87
102.458,280,306,259.0,-56,0,-7,87
102.573,280,305,260.0,-56,0,-7,87
102.679,280,304,256.0,-56,0,-6,87
102.786,280,303,253.0,-56,0,-6,87
102.893,280,301,263.0,-56,0,-5,87
103.001,280,297,261.0,-56,0,-4,86
103.115,280,295,256.0,-56,0,-4,86
103.224,280,295,245.0,-56,0,-3,86
103.338,280,293,252.0,-56,0,-3,86
103.446,280,295,250.0,-56,0,-3,86
103.552,280,297,250.0,-56,0,-3,86
103.659,280,290,250.0,-56,0,-2,86
103.766,280,296,256.0,-56,-1,0,86
103.883,280,284,253.0,-56,-1,1,86
103.998,280,284,253.0,-56,-1,1,86
104.111,280,287,250.0,-56,0,1,86
104.228,270,286,259.0,-56,0,1,86
104.336,270,286,259.0,-56,0,1,86
104.443,270,294,261.0,-56,-1,0,86
104.551,270,286,254.0,-56,-1,0,86
104.666,270,285,254.0,-55,-1,0,86
104.766,270,288,248.0,-52,0,0,86
104.884,270,288,252.0,-50,0,0,86
104.992,270,294,262.0,-47,0,0,86
105.094,270,299,261.0,-44,0,0,86
105.209,280,295,259.0,-42,-1,1,86
105.316,280,292,262.0,-39,-1,0,86
105.433,280,298,262.0,-37,-1,0,86
105.543,280,299,258.0,-34,-1,0,86
105.646,280,296,260.0,-32,0,0,86
105.758,280,296,261.0,-29,0,-1,86
105.877,280,301,264.0,-28,0,-1,86
105.992,280,297,250.0,-28,0,-1,86
106.100,280,295,259.0,-28,0,-1,86
106.205,280,295,259.0,-28,0,-1,86
106.318,280,296,257.0,-28,0,-1,86
106.425,280,294,255.0,-29,0,-2,86
106.532,280,298,249.0,-28,0,-5,86
106.633,280,299,256.0,-28,0,-6,86
106.742,280,299,250.0,-28,0,-6,86
106.844,280,292,258.0,-28,0,-6,86
106.958,280,290,266.0,-28,0,-6,86
107.060,280,295,258.0,-28,0,-5,86
107.165,280,296,258.0,-28,-1,-5,86
107.281,280,291,269.0,-28,-1,-4,86
107.389,280,293,265.0,-28,-1,-4,86
107.499,280,293,264.0,-28,0,-4,86
107.600,280,289,262.0,-28,0,-4,86
107.716,280,292,273.0,-28,0,-4,86
107.823,280,294,259.0,-28,0,-4,86
107.924,280,295,264.0,-28,0,-4,86
108.033,280,295,249.0,-28,0,-4,86
108.141,280,298,261.0,-28,0,-4,86
108.249,280,294,258.0,-28,0,-4,86
108.366,280,297,258.0,-28,0,-3,86
108.471,280,296,258.0,-28,0,0,86
108.578,280,295,252.0,-28,0,0,86
108.683,280,293,261.0,-28,0,0,86
108.790,280,293,261.0,-28,0,0,86
108.891,280,297,270.0,-28,0,-1,86
108.992,280,298,259.0,-28,0,-4,86
109.108,280,303,259.0,-28,-1,-4,86
109.216,280,300,259.0,-28,0,-4,86
109.326,280,302,257.0,-28,0,-5,86
109.430,280,297,256.0,-28,0,-5,86
109.537,280,299,261.0,-28,0,-5,86
109.645,280,309,266.0,-28,0,-4,86
109.750,280,309,266.0,-28,0,-4,86
109.874,280,295,261.0,-28,0,-4,86
109.980,280,294,262.0,-28,0,-4,86
110.082,280,289,264.0,-28,0,-4,86
110.195,280,287,262.0,-28,0,-3,86
110.302,270,282,266.0,-28,0,-3,86
110.413,270,287,257.0,-28,0,-3,86
110.515,270,300,257.0,-28,0,0,86
110.618,270,300,257.0,-28,0,0,86
110.734,270,305,265.0,-28,0,1,86
110.849,280,299,253.0,-28,0,1,86
110.950,280,303,259.0,-28,0,1,86
111.050,280,301,260.0,-27,0,1,85
111.166,280,306,265.0,-25,0,1,85
111.270,280,306,265.0,-25,0,1,85
111.376,280,304,273.0,-20,0,1,85
111.488,280,304,266.0,-17,0,1,85
111.594,280,305,266.0,-15,0,1,85
111.699,280,306,261.0,-10,0,0,85
111.800,280,306,261.0,-10,0,0,85
111.913,280,300,261.0,-8,0,0,85
112.025,280,300,265.0,-3,0,1,85
112.131,280,295,261.0,-1,0,2,85
112.233,280,295,267.0,-1,0,1,85
112.333,280,296,264.0,-1,1,0,85
112.443,280,299,263.0,-1,1,0,85
112.550,280,292,258.0,-1,1,0,85
112.659,280,292,258.0,-1,1,0,85
112.766,280,292,267.0,-1,1,-2,85
112.874,280,298,263.0,-1,1,-5,85
112.974,280,295,264.0,-1,1,-6,85
113.083,280,300,264.0,-1,1,-7,85
113.191,280,302,261.0,-1,1,-7,85
113.293,280,303,266.0,-1,1,-6,85
113.402,280,308,264.0,-1,1,-5,85
113.502,280,303,266.0,-1,1,-4,85
113.610,280,299,262.0,-1,1,-4,85
113.724,280,304,259.0,-1,1,-3,85
113.839,280,301,263.0,-1,1,-3,85
113.954,280,301,263.0,-1,1,-3,85
114.062,280,299,255.0,-1,1,-2,85
114.165,280,300,260.0,-1,1,-2,85
114.267,280,300,258.0,-1,1,-3,85
114.375,280,300,258.0,-1,1,-3,85
114.481,280,295,264.0,-1,1,-3,85
114.588,280,296,257.0,-1,1,-3,85
114.700,280,300,263.0,-1,1,-3,85
114.807,280,300,264.0,-1,1,-3,85
114.922,280,293,259.0,-1,1,-2,85
115.025,280,296,256.0,-1,2,-2,85
115.126,280,303,257.0,-1,2,-2,85
115.235,280,297,257.0,-1,2,-2,85
115.342,280,294,262.0,-1,2,-2,85
115.448,280,293,269.0,-1,2,-2,85
115.551,280,296,263.0,-1,2,-2,85
115.656,280,298,260.0,-1,1,-2,85
115.758,280,298,259.0,-1,1,-2,85
115.866,280,298,258.0,-1,1,-2,85
115.969,280,297,260.0,-1,1,-2,85
116.077,280,295,256.0,-1,0,-2,85
116.185,280,298,263.0,-1,0,-2,85
116.308,280,298,267.0,-1,0,-2,85
116.411,280,299,258.0,-1,0,-2,85
116.519,280,297,260.0,-1,0,-2,85
116.630,280,297,260.0,-1,0,-2,85
116.750,280,303,261.0,-1,0,-3,85
116.866,280,302,256.0,-1,0,-3,85
116.975,280,306,260.0,-1,0,-3,85
117.076,280,303,261.0,-1,0,-3,85
117.182,280,302,257.0,-1,0,-2,85
117.284,280,302,265.0,-1,0,-2,85
117.392,280,298,267.0,-1,0,0,85
117.499,280,301,264.0,-1,0,1,85
117.605,280,300,270.0,-1,0,0,85
117.720,280,305,261.0,-1,0,0,85
117.828,280,299,264.0,-1,0,-2,85
117.933,280,298,262.0,-1,0,-3,85
118.043,280,297,269.0,-1,0,-3,84
118.151,280,296,267.0,-1,0,0,84
118.260,280,297,268.0,-1,0,0,84
118.375,280,292,264.0,-1,0,0,84
118.492,280,295,264.0,-1,0,0,84
118.595,280,296,266.0,-1,0,0,84
118.703,280,296,266.0,-1,0,0,84
118.817,280,294,263.0,-1,-1,0,84
118.924,280,298,265.0,-1,-4,0,84
119.025,280,298,265.0,-1,-4,0,84
119.130,280,301,273.0,-1,-6,0,84
119.237,280,302,270.0,-1,-5,0,84
119.341,280,296,271.0,-1,-5,0,84
119.446,280,298,267.0,-1,-5,0,84
119.554,280,300,268.0,-1,-4,0,84
119.660,280,295,267.0,-1,-4,0,84
119.775,280,299,266.0,-1,-3,-1,84
119.885,280,296,263.0,-1,-3,-1,84
119.994,280,297,267.0,-1,-3,-1,84
120.099,280,292,267.0,-1,-2,-1,84
120.200,280,296,265.0,-1,-2,-1,84
120.309,280,296,265.0,-1,-2,-1,84
120.414,280,296,260.0,-1,-2,-1,84
120.525,280,298,260.0,-1,-2,-1,84
120.632,280,298,260.0,-1,-2,-1,84
120.741,280,299,264.0,-1,-1,-1,84
120.850,280,300,261.0,-1,-1,-1,84
120.966,280,298,261.0,-1,-1,-1,84
121.068,280,302,267.0,-1,-1,-1,84
121.174,280,296,266.0,-1,-2,-1,84
121.290,280,290,273.0,-1,-2,-1,84
121.392,280,284,268.0,-1,-2,-1,84
121.498,280,282,267.0,-1,-2,0,84
121.600,280,282,267.0,-1,-2,0,84
121.710,270,282,270.0,-1,-2,-1,84
121.833,270,291,256.0,-1,-2,-1,84
121.935,270,291,256.0,-1,-2,-1,84
122.040,270,302,267.0,-1,-2,-1,84
122.148,270,304,269.0,-1,-2,-1,84
122.251,280,305,266.0,-1,-2,-1,84
122.359,280,305,266.0,-1,-2,-1,84
122.473,280,312,272.0,-1,-1,-1,84
122.573,280,310,269.0,-1,-1,-1,84
122.680,280,309,276.0,-1,-1,-1,84
122.783,290,304,272.0,-1,-1,-1,84
122.892,290,313,277.0,-1,-1,-1,84
123.001,290,301,265.0,-1,-1,-2,84
123.113,290,307,269.0,-1,0,-2,83
123.218,290,304,272.0,-1,2,-2,83
123.321,290,299,266.0,-1,3,-1,83
123.423,280,297,276.0,-1,3,-1,83
123.533,280,294,264.0,-1,2,-1,83
123.634,280,294,264.0,-1,2,-1,83
123.739,280,298,268.0,-1,2,-1,83
123.840,280,287,269.0,-1,1,-1,83
123.946,270,294,269.0,-1,1,-1,83
124.051,270,294,268.0,-1,1,-1,83
124.154,270,289,265.0,-1,0,-1,83
124.259,270,291,263.0,-1,-2,-1,83
124.376,270,291,270.0,-1,-4,-1,83
124.484,270,292,264.0,-1,-4,-1,83
124.586,270,296,264.0,-1,-4,-1,83
124.689,270,298,271.0,-1,-4,-1,83
124.805,280,295,266.0,-1,-4,-1,83
124.915,280,294,264.0,-1,-3,-1,83
125.017,280,291,264.0,-1,-3,0,83
125.125,280,298,266.0,-1,-2,0,83
125.225,280,298,270.0,-1,0,0,83
125.340,280,295,265.0,-1,2,0,83
125.441,280,296,269.0,-1,2,0,83
125.556,280,298,267.0,-1,2,-1,83
125.667,280,298,271.0,-1,2,-1,83
125.784,280,295,272.0,-1,2,0,83
125.891,280,298,273.0,-1,1,0,83
125.999,280,298,271.0,-1,0,0,83
126.104,280,295,267.0,-1,-2,0,83
126.215,280,298,272.0,-1,-3,0,83
126.334,280,298,272.0,-1,-3,0,83
126.443,280,295,271.0,-1,1,-1,83
126.558,280,295,271.0,-1,1,-1,83
126.659,270,294,269.0,-1,2,-1,83
126.777,270,298,268.0,-1,2,-1,83
126.883,280,298,267.0,-1,2,-1,83
126.991,280,295,268.0,-1,2,-1,83
127.092,280,302,272.0,-1,2,0,83
127.207,280,297,274.0,-1,1,0,83
127.309,280,295,275.0,-1,1,0,83
127.416,280,301,270.0,-1,1,-1,83
127.518,280,301,274.0,-1,0,-1,83
127.641,280,304,277.0,-1,1,0,83
127.756,280,303,276.0,-1,0,-1,83
127.864,280,305,274.0,-1,0,-1,83
127.972,280,301,269.0,-1,0,-1,83
128.076,280,292,271.0,-1,0,-1,83
128.183,280,299,275.0,-1,-1,-1,83
128.289,280,297,272.0,-1,-1,-1,83
128.391,280,297,273.0,-1,-1,-1,83
128.505,280,296,275.0,-1,-1,-1,83
128.618,280,302,275.0,-1,-1,-1,83
128.730,280,303,273.0,-1,-2,-1,83
128.842,280,301,268.0,-1,-2,-1,83
128.950,280,305,272.0,-1,-1,-1,82
129.063,280,305,272.0,-1,-1,-1,82
129.169,280,305,272.0,-1,-1,-1,82
129.279,280,305,272.0,-1,-1,-1,82
129.385,280,305,272.0,-1,-1,-1,82
129.490,280,305,272.0,-1,-1,-1,82
129.599,260,278,255.0,-1,0,-1,82
129.711,260,268,251.0,-1,0,-1,82
129.813,260,268,251.0,-1,0,-1,82
129.926,240,254,246.0,-1,0,-1,82
130.038,240,238,242.0,-1,0,-1,82
130.150,230,227,225.0,-1,0,-1,82
130.264,210,216,215.0,-1,0,-1,82
130.374,210,216,215.0,-1,0,-1,82
130.486,190,189,195.0,-1,0,-1,82
130.598,170,167,175.0,-1,0,-2,82
130.709,160,152,174.0,-1,0,-2,82
130.819,150,143,178.0,-1,0,-2,82
130.930,150,143,178.0,-1,0,-2,82
131.041,120,122,150.0,-1,0,-2,82
131.154,120,122,150.0,-1,0,-2,82
131.264,90,92,142.0,-1,0,-2,82
131.377,90,84,118.0,-1,0,-2,82
131.489,80,78,109.0,-1,0,-2,82
131.602,70,72,106.0,-1,0,-2,82
131.715,70,72,106.0,-1,0,-2,82
131.826,60,62,101.0,-1,0,-2,82
131.938,50,57,94.0,-1,0,-3,82
132.049,50,53,89.0,-1,0,-3,82
132.163,50,49,80.0,-1,0,-2,82
132.273,50,49,80.0,-1,0,-2,82
132.385,40,40,77.0,-1,0,-2,82
132.497,30,36,76.0,-1,0,-2,82
132.610,30,31,75.0,-1,0,-2,82
132.721,30,31,75.0,-1,0,-2,82
132.835,30,31,75.0,-1,0,-2,82
132.945,20,27,71.0,-1,0,-2,82
133.057,0,10,-37.0,-1,0,-2,82
133.168,0,10,-81.0,-1,0,-2,82
133.281,0,10,-232.0,-1,0,-2,82
133.394,0,10,-157.0,-1,2,-3,82
133.506,0,10,-157.0,-1,2,-3,82
133.618,0,10,-157.0,-1,2,-3,82
133.731,0,10,-189.0,-1,0,-1,82
133.846,0,10,-189.0,-1,0,-1,82
133.954,0,10,-189.0,-1,0,-1,82
134.069,0,10,-189.0,-1,0,-1,82
134.179,0,10,-88.0,-3,0,0,82
134.290,0,10,-67.0,-3,0,0,82
134.401,0,10,-30.0,-3,0,0,82
134.513,0,10,-7.0,-3,0,0,82
134.625,0,10,-3.0,-3,0,0,82
134.736,0,10,7.0,-3,0,0,82
134.849,0,10,11.0,-3,0,0,82
134.961,0,10,11.0,-3,0,0,82
135.071,0,10,17.0,-3,0,0,82
135.183,0,10,17.0,-3,0,0,82
135.295,0,10,17.0,-3,0,0,82
135.408,0,10,17.0,-3,0,0,82
135.519,0,10,18.0,-3,0,0,82
135.631,0,10,18.0,-3,0,0,82
135.742,0,10,18.0,-3,0,0,82
135.854,0,10,18.0,-3,0,0,82
135.967,0,10,18.0,-3,0,0,82
136.079,0,10,15.0,-3,0,0,82
136.192,0,10,15.0,-3,0,0,82
136.303,0,10,21.0,-3,0,0,82
136.414,0,10,21.0,-3,0,0,82
136.527,0,10,16.0,-3,0,0,82
136.637,0,10,16.0,-3,0,0,82
136.749,0,10,16.0,-3,0,0,82
136.861,0,10,18.0,-4,0,0,82
136.973,0,10,18.0,-4,0,0,82
137.086,0,10,18.0,-4,0,0,82
137.195,0,10,18.0,-4,0,0,82
137.307,0,10,24.0,-4,0,0,82
137.421,0,10,24.0,-4,0,0,82
137.534,0,10,24.0,-4,0,0,82
137.644,0,10,21.0,-4,0,0,82
137.757,0,10,14.0,-4,0,0,82
137.868,0,10,22.0,-4,0,0,82
137.978,0,10,21.0,-4,0,0,82
138.092,0,10,21.0,-4,0,0,82
138.202,0,10,17.0,-4,0,0,82
138.313,0,10,19.0,-4,0,0,82
138.424,0,10,19.0,-4,0,0,82
138.535,0,10,19.0,-4,0,0,82
138.647,0,10,20.0,-4,0,0,82
138.759,0,10,23.0,-4,0,0,82
138.870,0,10,22.0,-4,0,0,82
138.982,0,10,22.0,-4,0,0,82
139.094,0,10,19.0,-4,0,0,82
139.206,0,10,15.0,-4,0,0,82
139.318,0,10,17.0,-4,0,0,82
139.430,0,10,21.0,-4,0,0,82
139.541,0,10,19.0,-4,0,0,82
139.655,0,10,19.0,-4,0,0,82
139.765,0,10,21.0,-4,0,0,82
139.878,0,10,15.0,-4,0,0,82
139.989,0,10,19.0,-4,0,0,82
140.101,0,10,17.0,-4,0,0,82
140.213,0,10,19.0,-4,0,0,82
140.324,0,10,15.0,-4,0,0,82
140.437,0,10,17.0,-4,0,0,82
140.549,0,10,20.0,-4,0,0,82
140.661,0,10,19.0,-4,0,0,82
140.773,0,10,16.0,-4,0,0,82
140.885,0,10,17.0,-4,0,0,82
140.997,0,10,16.0,-4,0,0,82
141.109,0,10,19.0,-4,0,0,82
141.221,0,10,19.0,-4,0,0,82
141.331,0,10,19.0,-4,0,0,82
141.444,0,10,22.0,-4,0,0,82
141.555,0,10,22.0,-4,0,0,82
141.667,0,10,17.0,-4,0,0,82
141.779,0,10,23.0,-4,0,0,82
141.892,0,10,20.0,-4,0,0,82
142.003,0,10,20.0,-4,0,0,82
142.115,0,10,22.0,-4,0,0,82
142.226,0,10,19.0,-4,0,0,82
142.338,0,10,16.0,-4,0,0,82
142.449,0,10,13.0,-4,0,0,82
142.560,0,10,17.0,-4,0,0,82
142.672,0,10,10.0,-4,0,0,82
142.783,0,10,15.0,-4,0,0,82
142.895,0,10,14.0,-4,0,0,82
143.007,0,10,21.0,-4,0,0,82
143.120,0,10,18.0,-4,0,0,82
143.231,0,10,18.0,-4,0,0,82
143.344,0,10,18.0,-4,0,0,82
143.456,0,10,17.0,-4,0,0,82
143.566,0,10,21.0,-4,0,0,82
143.678,0,10,19.0,-4,0,0,82
143.790,0,10,18.0,-4,0,0,82
143.902,0,10,19.0,-4,0,0,82
144.014,0,10,19.0,-4,0,0,82
144.126,0,10,19.0,-4,0,0,82
144.239,0,10,19.0,-4,0,0,82
144.351,0,10,19.0,-4,0,0,82
144.465,0,10,19.0,-4,0,0,82
144.576,0,10,19.0,-4,0,0,82
144.688,0,10,19.0,-4,0,0,82
144.802,0,10,19.0,-4,0,0,82
144.915,0,10,20.0,-4,0,0,82
145.027,0,10,19.0,-4,0,0,82
145.140,0,10,19.0,-4,0,0,82
145.251,0,10,24.0,-4,0,0,82
145.363,0,10,16.0,-4,0,0,82
145.475,0,10,20.0,-4,0,0,82
145.585,0,10,20.0,-4,0,0,82
145.700,0,10,20.0,-4,0,0,82
145.810,0,10,20.0,-4,0,0,82
145.922,0,10,19.0,-4,0,0,82
146.034,0,10,19.0,-4,0,0,82
146.146,0,10,20.0,-4,0,0,82
146.257,0,10,18.0,-4,0,0,82
146.370,0,10,22.0,-4,0,0,82
146.481,0,10,22.0,-4,0,0,82
146.593,0,10,16.0,-4,0,0,82
146.704,0,10,14.0,-4,0,0,82
146.817,0,10,16.0,-4,0,0,82
146.927,0,10,21.0,-4,0,0,82
147.039,0,10,21.0,-4,0,0,82
147.151,0,10,17.0,-4,0,0,82
147.263,0,10,14.0,-4,0,0,82
147.376,0,10,17.0,-4,0,0,82
147.488,0,10,23.0,-4,0,0,82
147.600,0,10,23.0,-4,0,0,82
147.712,0,10,22.0,-4,0,0,82
147.821,0,10,17.0,-4,0,0,82
147.933,0,10,23.0,-4,0,0,82
148.048,0,10,23.0,-4,0,0,82
148.160,0,10,23.0,-4,0,0,82
148.269,0,10,21.0,-4,0,0,82
148.380,0,10,25.0,-4,0,0,82
148.492,0,10,22.0,-4,0,0,82
148.603,0,10,22.0,-4,0,0,82
148.718,0,10,22.0,-4,0,0,82
148.829,0,10,21.0,-4,0,0,82
148.941,0,10,21.0,-4,0,0,82
149.055,0,10,21.0,-4,0,0,82
149.168,0,10,21.0,-4,0,0,82
149.280,0,10,23.0,-4,0,0,82
149.392,0,10,18.0,-4,0,0,82
149.503,0,10,17.0,-4,0,0,82
149.617,0,10,23.0,-4,0,0,82
149.730,0,10,18.0,-4,0,0,82
149.842,0,10,24.0,-4,0,0,82
149.957,0,10,24.0,-4,0,0,82
150.066,0,10,17.0,-4,0,0,82
150.178,0,10,21.0,-4,0,0,82
150.291,0,10,18.0,-4,0,0,82
150.401,0,10,22.0,-4,0,0,82
150.515,0,10,22.0,-4,0,0,82
150.626,0,10,22.0,-4,0,0,82
150.738,0,10,26.0,-4,0,0,82
150.852,0,10,26.0,-4,0,0,82
150.964,0,10,23.0,-4,0,0,82
151.076,0,10,24.0,-4,0,0,82
151.188,0,10,18.0,-4,0,0,82
151.299,0,10,18.0,-4,0,0,82
151.412,0,10,18.0,-4,0,0,82
151.522,0,10,21.0,-4,0,0,82
151.635,0,10,18.0,-4,0,0,82
151.746,0,10,24.0,-4,0,0,82
151.860,0,10,24.0,-4,0,0,82
151.971,0,10,19.0,-4,0,0,82
152.083,0,10,17.0,-4,0,0,82
152.195,0,10,18.0,-4,0,0,82
152.307,0,10,24.0,-4,0,0,82
152.419,0,10,21.0,-4,0,0,82
152.530,0,10,19.0,-4,0,0,82
152.642,0,10,25.0,-4,0,0,82
152.752,0,10,25.0,-4,0,0,82
152.866,0,10,22.0,-4,0,0,82
152.976,0,10,22.0,-4,0,0,82
153.088,0,10,22.0,-4,0,0,82
153.198,0,10,20.0,-4,0,0,82
153.302,0,10,20.0,-4,0,0,82
153.409,0,10,21.0,-4,0,0,82
153.519,0,10,23.0,-4,0,0,82
153.626,0,10,20.0,-4,0,0,82
153.738,0,10,20.0,-4,0,0,82
153.845,0,10,22.0,-4,0,0,82
153.954,0,10,16.0,-4,0,0,82
154.066,0,10,20.0,-4,0,0,82
154.170,0,10,19.0,-4,0,0,82
154.277,0,10,21.0,-4,0,0,82
154.384,0,10,20.0,-4,0,0,82
154.487,0,10,15.0,-4,0,0,82
154.599,0,10,15.0,-4,0,0,82
154.711,0,10,24.0,-4,0,0,82
154.822,0,10,24.0,-4,0,0,82
154.925,0,10,22.0,-4,0,0,82
155.036,0,10,22.0,-4,0,0,82
155.150,0,10,23.0,-4,0,0,82
155.259,0,10,23.0,-4,0,0,82
155.371,0,10,22.0,-4,0,0,82
155.474,0,10,23.0,-4,0,0,82
155.585,0,10,24.0,-4,0,0,82
155.696,0,10,27.0,-4,0,0,82
155.806,0,10,27.0,-4,0,0,82
155.917,0,10,23.0,-4,0,0,82
156.022,0,10,23.0,-4,0,0,82
156.134,0,10,23.0,-4,0,0,82
156.246,0,10,26.0,-4,0,0,82
156.357,0,10,28.0,-4,0,0,82
156.469,0,10,20.0,-4,0,0,82
156.572,0,10,23.0,-4,0,0,82
156.683,0,10,27.0,-4,0,0,82
156.795,0,10,24.0,-4,0,0,82
156.905,0,10,23.0,-4,0,0,82
157.017,0,10,26.0,-4,0,0,82
157.121,0,10,26.0,-4,0,0,82
157.232,0,10,26.0,-4,0,0,82
157.346,0,10,26.0,-4,0,0,82
157.450,0,10,27.0,-4,0,0,82
157.562,0,10,28.0,-4,0,0,82
157.674,0,10,28.0,-4,0,0,82
157.786,0,10,28.0,-4,0,0,82
157.898,0,10,27.0,-4,0,0,82
158.010,0,10,27.0,-4,0,0,82
158.123,0,10,31.0,-4,0,0,82
158.235,0,10,30.0,-4,0,0,82
158.346,0,10,30.0,-4,0,0,82
158.460,0,10,26.0,-4,0,0,82
158.573,0,10,24.0,-4,0,0,82
158.683,0,10,24.0,-4,0,0,82
158.796,0,10,26.0,-4,0,0,82
158.906,0,10,26.0,-4,0,0,82
159.019,0,10,27.0,-4,0,0,82
159.131,0,10,22.0,-4,0,0,82
159.243,0,10,28.0,-4,0,0,82
159.354,0,10,26.0,-4,0,0,82
159.467,0,10,24.0,-4,0,0,82
159.579,0,10,25.0,-4,0,0,82
159.691,0,10,23.0,-4,0,0,82
159.806,0,10,23.0,-4,0,0,82
159.916,0,10,26.0,-4,0,0,82
160.028,0,10,26.0,-4,0,0,82
160.139,0,10,25.0,-4,0,0,82
160.252,0,10,25.0,-4,0,0,82
160.366,0,10,31.0,-4,0,0,82
160.476,0,10,24.0,-4,0,0,82
160.590,0,10,24.0,-4,0,0,82
160.701,0,10,27.0,-4,0,0,82
160.815,0,10,27.0,-4,0,0,82
160.925,0,10,27.0,-4,0,0,82
161.038,0,10,27.0,-4,0,0,82
161.150,0,10,26.0,-4,0,0,82
161.262,0,10,29.0,-4,0,0,82
161.374,0,10,29.0,-4,0,0,82
161.487,0,10,29.0,-4,0,0,82
161.601,0,10,26.0,-4,0,0,82
161.711,0,10,20.0,-4,0,0,82
161.823,0,10,22.0,-4,0,0,82
161.935,0,10,23.0,-4,0,0,82
162.047,0,10,23.0,-4,0,0,82
162.160,0,10,23.0,-4,0,0,82
162.274,0,10,24.0,-4,0,0,82
162.385,0,10,24.0,-4,0,0,82
162.496,0,10,25.0,-4,0,0,82
162.607,0,10,26.0,-4,0,0,82
162.719,0,10,26.0,-4,0,0,82
162.832,0,10,26.0,-4,0,0,82
162.945,0,10,26.0,-4,0,0,82
163.056,0,10,22.0,-4,0,0,82
163.167,0,10,23.0,-4,0,0,82
163.279,0,10,31.0,-4,0,0,82
163.391,0,10,31.0,-4,0,0,82
163.504,0,10,26.0,-4,0,0,82
163.614,0,10,22.0,-4,0,0,82
163.727,0,10,22.0,-4,0,0,82
163.838,0,10,24.0,-4,0,0,82
163.952,0,10,24.0,-4,0,0,82
164.062,0,10,27.0,-4,0,0,82
164.174,0,10,22.0,-4,0,0,82
164.287,0,10,22.0,-4,0,0,82
164.398,0,10,22.0,-4,0,0,82
164.509,0,10,22.0,-4,0,0,82
164.620,0,10,26.0,-4,0,0,82
164.732,0,10,26.0,-4,0,0,82
164.845,0,10,26.0,-4,0,0,82
164.956,0,10,20.0,-4,0,0,82
165.068,0,10,20.0,-4,0,0,82
165.179,0,10,23.0,-4,0,0,82
165.292,0,10,23.0,-4,0,0,82
165.403,0,10,22.0,-4,0,0,82
165.516,0,10,19.0,-4,0,0,82
165.627,0,10,22.0,-4,0,0,82
165.738,0,10,20.0,-4,0,0,82
165.849,0,10,20.0,-4,0,0,82
165.961,0,10,24.0,-4,0,0,82
166.073,0,10,19.0,-4,0,0,82
166.187,0,10,19.0,-4,0,0,82
166.298,0,10,22.0,-4,0,0,82
166.409,0,10,23.0,-4,0,0,82
166.520,0,10,22.0,-4,0,0,82
166.633,0,10,19.0,-4,0,0,82
166.745,0,10,21.0,-4,0,0,82
166.858,0,10,27.0,-4,0,0,82
166.972,0,10,21.0,-4,0,0,82
167.083,0,10,22.0,-4,0,0,82
167.194,0,10,22.0,-4,0,0,82
167.307,0,10,23.0,-4,0,0,82
167.418,0,10,20.0,-4,0,0,82
167.531,0,10,23.0,-4,0,0,82
167.642,0,10,20.0,-4,0,0,82
167.753,0,10,19.0,-4,0,0,82
167.865,0,10,23.0,-4,0,0,82
167.976,0,10,24.0,-4,0,0,82
168.088,0,10,22.0,-4,0,0,82
168.200,0,10,24.0,-4,0,0,82
168.312,0,10,20.0,-4,0,0,82
168.425,0,10,23.0,-4,0,0,82
168.536,0,10,19.0,-4,0,0,82
168.648,0,10,18.0,-4,0,0,82
168.760,0,10,22.0,-4,0,0,82
168.872,0,10,22.0,-4,0,0,82
168.982,0,10,24.0,-4,0,0,82
169.095,0,10,21.0,-4,0,0,82
169.208,0,10,20.0,-4,0,0,82
169.319,0,10,22.0,-4,0,0,82
169.431,0,10,22.0,-4,0,0,82
169.543,0,10,26.0,-4,0,0,82
169.655,0,10,21.0,-4,0,0,82
169.767,0,10,20.0,-4,0,0,82
169.879,0,10,16.0,-4,0,0,82
169.993,0,10,23.0,-4,0,0,82
170.105,0,10,24.0,-4,0,0,82
170.215,0,10,22.0,-4,0,0,82
170.327,0,10,24.0,-4,0,0,82
170.439,0,10,23.0,-4,0,0,82
170.551,0,10,23.0,-4,0,0,82
170.663,0,10,22.0,-4,0,0,82
170.775,0,10,22.0,-4,0,0,82
170.886,0,10,24.0,-4,0,0,82
170.999,0,10,24.0,-4,0,0,82
171.112,0,10,24.0,-4,0,0,82
171.222,0,10,29.0,-4,0,0,82
171.337,0,10,29.0,-4,0,0,82
171.446,0,10,29.0,-4,0,0,82
171.559,0,10,22.0,-4,0,0,82
171.670,0,10,29.0,-4,0,0,82
171.782,0,10,27.0,-4,0,0,82
171.896,0,10,27.0,-4,0,0,82
172.005,0,10,27.0,-4,0,0,82
172.116,0,10,26.0,-4,0,0,82
172.229,0,10,26.0,-4,0,0,82
172.341,0,10,27.0,-4,0,0,82
172.454,0,10,27.0,-4,0,0,82
172.565,0,10,27.0,-4,0,0,82
172.678,0,10,30.0,-4,0,0,82
172.791,0,10,30.0,-4,0,0,82
172.903,0,10,30.0,-4,0,0,82
173.016,0,10,25.0,-4,0,0,82
173.126,0,10,25.0,-4,0,0,82
173.238,0,10,26.0,-4,0,0,82
173.350,0,10,22.0,-4,0,0,82
173.462,0,10,27.0,-4,0,0,82
173.576,0,10,28.0,-4,0,0,82
173.687,0,10,27.0,-4,0,0,82
173.797,0,10,24.0,-4,0,0,82
173.912,0,10,24.0,-4,0,0,82
174.025,0,10,24.0,-4,0,0,82
174.133,0,10,26.0,-4,0,0,82
174.245,0,10,29.0,-4,0,0,82
174.358,0,10,29.0,-4,0,0,82
174.470,0,10,29.0,-4,0,0,82
174.582,0,10,34.0,-4,0,0,82
174.695,0,10,28.0,-4,0,0,82
174.806,0,10,26.0,-4,0,0,82
174.916,0,10,25.0,-4,0,0,82
175.028,0,10,28.0,-4,0,0,82
175.142,0,10,29.0,-4,0,0,82
175.256,0,10,29.0,-4,0,0,82
175.368,0,10,29.0,-4,0,0,82
175.478,0,10,28.0,-4,0,0,82
175.591,0,10,31.0,-4,0,0,82
175.704,0,10,31.0,-4,0,0,82
175.819,0,10,31.0,-4,0,0,82
175.928,0,10,30.0,-4,0,0,82
176.042,0,10,32.0,-4,0,0,81
176.153,0,10,29.0,-4,0,0,81
176.264,0,10,25.0,-4,0,0,81
176.376,0,10,30.0,-4,0,0,81
176.489,0,10,30.0,-4,0,0,81
176.600,0,10,28.0,-4,0,0,81
176.714,0,10,28.0,-4,0,0,81
176.827,0,10,28.0,-4,0,0,81
176.939,0,10,31.0,-4,0,0,81
177.049,0,10,34.0,-4,0,0,81
177.161,0,10,34.0,-4,0,0,81
177.275,0,10,29.0,-4,0,0,81
177.385,0,10,28.0,-4,0,0,81
177.496,0,10,31.0,-4,0,0,81
177.609,0,10,23.0,-4,0,0,81
177.720,0,10,23.0,-4,0,0,81
177.833,0,10,31.0,-4,0,0,81
177.944,0,10,26.0,-4,0,0,81
178.056,0,10,27.0,-4,0,0,81
178.170,0,10,27.0,-4,0,0,81
178.281,0,10,27.0,-4,0,0,81
178.393,0,10,31.0,-4,0,0,81
178.505,0,10,28.0,-4,0,0,81
178.616,0,10,23.0,-4,0,0,81
178.728,0,10,29.0,-4,0,0,81
178.840,0,10,29.0,-4,0,0,81
178.954,0,10,29.0,-4,0,0,81
179.065,0,10,27.0,-4,0,0,81
179.179,0,10,27.0,-4,0,0,81
179.292,0,10,27.0,-4,0,0,81
179.401,0,10,25.0,-4,0,0,81
179.514,0,10,23.0,-4,0,0,81
179.626,0,10,29.0,-4,0,0,81
179.738,0,10,31.0,-4,0,0,81
179.853,0,10,31.0,-4,0,0,81
179.964,0,10,31.0,-4,0,0,81
180.073,0,10,26.0,-4,0,0,81
180.185,0,10,26.0,-4,0,0,81
180.297,0,10,26.0,-4,0,0,81
180.410,0,10,26.0,-4,0,0,81
180.522,0,10,27.0,-4,0,0,81
180.635,0,10,29.0,-4,0,0,81
180.748,0,10,27.0,-4,0,0,81
180.858,0,10,27.0,-4,0,0,81
180.971,0,10,24.0,-4,0,0,81
181.081,0,10,24.0,-4,0,0,81
181.193,0,10,24.0,-4,0,0,81
181.305,0,10,25.0,-4,0,0,81
181.417,0,10,25.0,-4,0,0,81
181.530,0,10,24.0,-4,0,0,81
181.641,0,10,24.0,-4,0,0,81
181.755,0,10,25.0,-4,0,0,81
181.866,0,10,25.0,-4,0,0,81
181.979,0,10,30.0,-4,0,0,81
182.091,0,10,30.0,-4,0,0,81
182.203,0,10,25.0,-4,0,0,81
182.317,0,10,25.0,-4,0,0,81
182.427,0,10,26.0,-4,0,0,81
182.540,0,10,26.0,-4,0,0,81
182.651,0,10,32.0,-4,0,0,81
182.766,0,10,32.0,-4,0,0,81
182.877,0,10,31.0,-4,0,0,81
182.989,0,10,31.0,-4,0,0,81
183.104,0,10,23.0,-4,0,0,81
183.215,0,10,25.0,-4,0,0,81
183.326,0,10,30.0,-4,0,0,81
183.438,0,10,32.0,-4,0,0,81
183.551,0,10,25.0,-4,0,0,81
183.662,0,10,26.0,-4,0,0,81
183.775,0,10,28.0,-4,0,0,81
183.886,0,10,30.0,-4,0,0,81
183.998,0,10,29.0,-4,0,0,81
184.111,0,10,30.0,-4,0,0,81
184.223,0,10,31.0,-4,0,0,81
184.336,0,10,31.0,-4,0,0,81
184.448,0,10,30.0,-4,0,0,81
184.561,0,10,30.0,-4,0,0,81
184.673,0,10,33.0,-4,0,0,81
184.784,0,10,29.0,-4,0,0,81
184.898,0,10,29.0,-4,0,0,81
185.009,0,10,28.0,-4,0,0,81
185.122,0,10,29.0,-4,0,0,81
185.232,0,10,29.0,-4,0,0,81
185.345,0,10,30.0,-4,0,0,81
185.458,0,10,24.0,-4,0,0,81
185.569,0,10,24.0,-4,0,0,81
185.681,0,10,29.0,-4,0,0,81
185.794,0,10,29.0,-4,0,0,81
185.905,0,10,29.0,-4,0,0,81
186.017,0,10,30.0,-4,0,0,81
186.130,0,10,35.0,-4,0,0,81
186.243,0,10,29.0,-4,0,0,81
186.355,0,10,29.0,-4,0,0,81
186.465,0,10,28.0,-4,0,0,81
186.579,0,10,31.0,-4,0,0,81
186.691,0,10,33.0,-4,0,0,81
186.804,0,10,30.0,-4,0,0,81
186.915,0,10,30.0,-4,0,0,81
187.026,0,10,26.0,-4,0,0,81
187.138,0,10,27.0,-4,0,0,81
187.250,0,10,27.0,-4,0,0,81
187.362,0,10,31.0,-4,0,0,81
187.475,0,10,31.0,-4,0,0,81
187.587,0,10,28.0,-4,0,0,81
187.699,0,10,28.0,-4,0,0,81
187.811,0,10,28.0,-4,0,0,81
187.923,0,10,27.0,-4,0,0,81
188.035,0,10,32.0,-4,0,0,81
188.148,0,10,29.0,-4,0,0,81
188.261,0,10,31.0,-4,0,0,81
188.363,0,10,28.0,-4,0,0,81
188.476,0,10,28.0,-4,0,0,81
188.588,0,10,28.0,-4,0,0,81
188.699,0,10,28.0,-4,0,0,81
188.811,0,10,28.0,-4,0,0,81
188.919,0,10,28.0,-4,0,0,81
189.028,0,10,28.0,-4,0,0,81
189.132,0,10,28.0,-4,1,0,81
189.244,0,12,28.0,-4,0,0,81
189.347,0,21,73.0,-4,0,0,81
189.451,0,21,73.0,-4,0,0,81
189.564,10,35,83.0,-4,-1,0,81
189.669,10,35,83.0,-4,-1,0,81
189.782,10,35,83.0,-4,-1,0,81
189.894,20,53,98.0,-4,-1,0,81
190.006,30,75,110.0,-4,-2,0,81
190.119,30,75,110.0,-4,-2,0,81
190.231,30,79,115.0,-4,-2,0,81
190.342,30,79,115.0,-4,-2,0,81
190.452,40,91,132.0,-4,-2,0,81
190.562,50,96,135.0,-4,-2,0,81
190.673,50,96,135.0,-4,-2,0,81
190.784,50,98,142.0,-4,-2,0,81
190.896,50,98,142.0,-4,-2,0,81
191.008,50,98,136.0,-4,-2,0,81
191.119,50,98,132.0,-4,-2,0,81
191.232,50,98,135.0,-4,-2,0,81
191.342,50,97,134.0,-4,-1,0,81
191.455,50,97,134.0,-4,-1,0,81
191.567,50,95,139.0,-4,-1,0,81
191.680,50,95,139.0,-4,-1,0,81
191.792,50,94,140.0,-4,-1,0,81
191.904,50,94,140.0,-4,-1,0,81
192.016,50,89,128.0,-4,-1,0,81
192.127,50,89,128.0,-4,-1,0,81
192.238,50,84,136.0,-4,-1,0,81
192.350,50,82,132.0,-4,-1,0,81
192.462,40,81,127.0,-4,-1,0,81
192.573,40,81,127.0,-4,-1,0,81
192.684,40,81,127.0,-4,-1,0,81
192.796,40,79,123.0,-4,-1,0,81
192.907,40,77,130.0,-4,-1,0,81
193.020,40,77,130.0,-4,-1,0,81
193.132,40,77,130.0,-4,-1,0,81
193.243,40,74,115.0,-5,-1,0,81
193.356,40,74,116.0,-5,-1,0,81
193.467,40,74,116.0,-5,-1,0,81
193.579,40,74,125.0,-4,-1,1,81
193.691,40,74,115.0,-4,-1,1,81
193.803,40,73,122.0,-4,-1,1,81
193.914,40,74,124.0,-4,-1,1,81
194.025,40,74,124.0,-4,-1,1,81
194.138,40,74,127.0,-4,0,0,81
194.250,40,73,121.0,-4,0,0,81
194.361,40,73,117.0,-4,0,0,81
194.479,40,74,112.0,-4,0,0,81
194.583,40,74,118.0,-4,0,0,81
194.695,40,74,114.0,-4,0,0,81
194.812,40,74,114.0,-4,0,0,81
194.918,40,75,118.0,-4,-1,0,81
195.030,40,75,120.0,-4,-1,0,81
195.142,40,75,120.0,-4,-1,0,81
195.253,40,76,113.0,-4,-1,0,81
195.364,40,76,114.0,-4,-1,0,81
195.479,40,77,120.0,-4,-1,0,81
195.586,40,76,122.0,-4,-1,0,81
195.697,40,76,122.0,-4,-1,0,81
195.809,40,76,122.0,-4,-1,0,81
195.921,40,77,125.0,-4,-1,0,81
196.032,40,77,125.0,-4,-1,0,81
196.145,40,77,125.0,-4,-1,0,81
196.256,40,77,121.0,-4,-1,0,81
196.367,40,77,113.0,-4,-1,0,81
196.480,40,77,113.0,-4,-1,0,81
196.591,40,77,122.0,-4,-1,0,81
196.703,40,77,122.0,-4,-1,0,81
196.814,40,77,117.0,-4,-1,0,81
196.926,40,78,112.0,-4,-1,0,81
197.037,40,78,121.0,-5,-1,0,81
197.150,40,77,124.0,-5,-1,0,81
197.264,40,77,124.0,-5,-1,0,81
197.373,40,78,122.0,-4,-1,0,81
197.485,40,77,111.0,-4,0,1,81
197.585,40,78,124.0,-4,0,1,81
197.692,40,77,129.0,-4,0,0,81
197.801,40,77,129.0,-4,0,0,81
197.918,40,76,127.0,-4,-1,0,81
198.018,40,76,127.0,-4,-1,0,81
198.126,40,76,123.0,-4,-1,0,81
198.237,40,75,126.0,-4,0,0,81
198.351,40,75,126.0,-4,-1,0,81
198.462,40,75,125.0,-4,0,0,81
198.575,40,75,128.0,-4,0,0,81
198.677,40,75,122.0,-4,-1,0,81
198.778,40,75,116.0,-4,-1,0,81
198.891,40,75,133.0,-4,-1,0,81
199.003,40,75,133.0,-4,-1,0,81
199.116,40,76,120.0,-4,0,0,81
199.227,40,76,120.0,-4,0,0,81
199.334,40,76,128.0,-4,0,0,81
199.445,40,76,128.0,-4,0,0,81
199.549,40,76,128.0,-4,0,0,81
199.653,40,77,129.0,-4,0,-1,81
199.764,40,77,129.0,-4,0,-1,81
199.866,40,77,130.0,-4,0,-1,81
199.973,40,77,128.0,-4,0,-1,81
200.084,40,76,129.0,-4,0,-1,81
200.186,40,76,130.0,-4,0,-1,81
200.294,40,77,130.0,-4,0,-1,81
200.410,40,77,126.0,-4,-1,-1,81
200.517,40,77,125.0,-4,-1,0,81
200.627,40,77,124.0,-4,-1,0,81
200.739,40,77,127.0,-4,-1,0,81
200.840,40,77,134.0,-4,-1,0,81
200.948,40,78,128.0,-4,-1,0,81
201.056,40,78,128.0,-4,0,0,81
201.160,40,78,128.0,-4,0,0,81
201.268,40,78,121.0,-4,0,0,81
201.376,40,78,125.0,-4,0,-1,81
201.482,40,78,125.0,-4,0,-1,81
201.591,40,78,121.0,-4,0,-1,81
201.702,40,78,122.0,-4,-1,-1,81
201.805,40,78,122.0,-4,0,-1,81
201.919,40,78,128.0,-4,0,-1,81
202.021,40,78,123.0,-4,0,-1,81
202.141,40,81,129.0,-4,0,-1,81
202.249,40,81,129.0,-4,0,-1,81
202.350,50,86,132.0,-4,0,0,81
202.461,50,88,138.0,-4,0,0,81
202.563,50,92,140.0,-4,0,0,81
202.669,50,95,141.0,-4,0,0,81
202.772,60,98,150.0,-4,0,0,81
202.879,60,101,148.0,-4,0,0,81
202.983,60,104,149.0,-4,0,0,81
203.085,70,106,148.0,-4,0,0,81
203.191,70,109,152.0,-4,0,-1,81
203.293,70,111,152.0,-4,0,-1,81
203.396,70,114,158.0,-4,0,-1,81
203.503,80,118,164.0,-4,0,-1,81
203.608,80,120,163.0,-4,0,-1,81
203.725,80,123,164.0,-4,0,-1,81
203.837,80,126,172.0,-4,0,-1,81
203.949,90,128,168.0,-4,0,-1,81
204.052,90,133,171.0,-4,0,-1,81
204.166,90,137,174.0,-4,0,-1,81
204.276,100,141,179.0,-4,0,-1,81
204.385,100,141,179.0,-4,0,-1,81
204.493,100,147,185.0,-4,0,-1,81
204.595,110,150,191.0,-4,0,-2,81
204.708,110,155,183.0,-4,0,-2,81
204.810,110,156,196.0,-4,0,-1,81
204.910,120,158,195.0,-4,0,-1,81
205.018,120,164,199.0,-5,0,-1,81
205.127,120,163,203.0,-5,0,-1,81
205.239,120,168,201.0,-5,0,-1,81
205.352,130,172,202.0,-5,0,-1,81
205.464,130,176,206.0,-5,0,-1,81
205.570,130,176,203.0,-5,0,-1,81
205.678,130,182,208.0,-5,0,0,81
205.790,140,190,217.0,-4,0,0,81
205.898,140,191,213.0,-4,0,0,81
206.014,150,196,218.0,-4,0,0,81
206.128,150,197,221.0,-4,0,0,81
206.235,150,200,224.0,-4,0,0,81
206.337,160,204,228.0,-4,0,0,81
206.446,160,205,229.0,-4,0,0,81
206.551,160,212,233.0,-4,0,0,81
206.653,160,212,233.0,-4,0,0,81
206.760,170,218,239.0,-4,0,0,81
206.867,170,224,237.0,-4,0,0,81
206.970,170,224,237.0,-4,0,0,81
207.082,180,224,245.0,-4,0,0,81
207.188,180,229,248.0,-4,0,0,81
207.294,180,235,249.0,-4,0,0,81
207.396,180,235,249.0,-4,0,0,81
207.502,190,237,251.0,-4,0,0,81
207.610,190,244,245.0,-4,0,0,81
207.726,190,244,245.0,-4,0,0,81
207.840,200,251,255.0,-4,0,0,81
207.944,200,254,256.0,-4,0,0,81
208.049,210,262,266.0,-4,0,0,81
208.155,210,262,266.0,-4,0,0,81
208.258,210,264,264.0,-4,0,0,81
208.369,210,268,265.0,-4,0,0,81
208.474,220,274,272.0,-4,0,0,81
208.588,220,271,273.0,-4,0,0,81
208.693,230,277,270.0,-4,0,0,81
208.799,230,277,271.0,-4,0,0,81
208.903,230,283,278.0,-4,0,0,81
209.013,230,278,279.0,-4,0,0,81
209.118,230,286,280.0,-4,0,0,81
209.218,230,285,281.0,-4,1,0,81
209.319,230,285,281.0,-4,1,0,81
209.428,240,288,279.0,-4,1,0,81
209.534,240,289,280.0,-4,1,0,81
209.640,240,286,280.0,-4,1,0,81
209.747,240,286,280.0,-4,1,0,81
209.862,240,285,279.0,-4,1,0,81
209.978,230,284,278.0,-4,1,0,81
210.093,230,278,276.0,-4,0,0,81
210.203,230,281,282.0,-4,1,1,81
210.319,230,282,275.0,-4,1,1,81
210.426,230,286,270.0,-4,1,0,81
210.527,230,284,277.0,-4,0,-1,81
210.636,230,281,278.0,-4,0,-3,81
210.736,230,282,285.0,-4,0,-5,81
210.844,230,279,276.0,-4,0,-5,81
210.958,240,287,275.0,-4,0,-5,81
211.059,240,283,278.0,-5,0,-5,81
211.167,240,279,276.0,-5,1,-4,81
211.274,240,282,277.0,-5,1,-4,81
211.381,240,281,276.0,-5,0,-3,81
211.486,240,280,272.0,-5,0,-3,81
211.593,240,286,270.0,-5,0,-2,81
211.694,240,280,278.0,-5,0,0,81
211.802,240,276,280.0,-5,0,1,81
211.910,240,279,277.0,-5,0,2,81
212.026,240,281,268.0,-4,0,2,80
212.129,240,281,268.0,-4,0,2,80
212.235,240,276,269.0,-2,-1,2,80
212.336,230,278,267.0,2,-1,1,80
212.443,230,278,267.0,2,-1,1,80
212.551,230,278,271.0,7,-1,1,80
212.654,230,278,271.0,7,-1,1,80
212.757,230,279,274.0,12,-1,0,80
212.864,230,277,273.0,14,-1,0,80
212.971,230,277,273.0,14,-1,0,80
213.085,230,283,271.0,19,-1,0,80
213.201,240,279,268.0,19,-2,3,80
213.310,240,282,273.0,20,-1,2,80
213.420,240,277,277.0,20,-1,1,80
213.536,240,284,279.0,20,0,0,80
213.648,240,284,277.0,20,0,0,80
213.759,240,286,270.0,20,0,-4,80
213.875,240,279,264.0,20,0,-5,80
213.987,240,276,273.0,20,0,-6,80
214.110,240,281,272.0,20,0,-6,80
214.219,240,276,277.0,20,0,-5,80
214.326,240,278,281.0,20,0,-5,80
214.432,240,278,270.0,20,0,-4,80
214.543,240,284,274.0,20,0,-4,80
214.649,240,282,280.0,20,0,-3,80
214.757,240,281,274.0,20,0,-3,80
214.866,240,277,275.0,20,0,-3,80
214.973,240,276,269.0,20,0,-3,79
215.080,240,278,271.0,20,0,-3,79
215.189,240,271,269.0,20,0,-3,79
215.290,240,274,269.0,20,0,-3,79
215.403,240,273,265.0,20,0,-3,79
215.514,240,272,265.0,20,0,-3,79
215.620,230,271,269.0,20,0,-3,79
215.726,230,266,264.0,20,0,-3,79
215.842,230,269,271.0,20,0,-2,79
215.955,230,268,265.0,20,0,-3,79
216.059,230,271,267.0,20,-1,-3,79
216.165,230,269,266.0,20,-1,-3,79
216.270,230,271,271.0,20,-1,-3,79
216.377,230,267,261.0,20,-1,-3,79
216.486,230,267,261.0,20,-1,-3,79
216.602,230,270,266.0,20,0,-3,79
216.704,230,272,270.0,20,0,-1,79
216.811,230,267,262.0,20,0,0,79
216.920,230,275,261.0,20,0,1,79
217.025,230,267,265.0,22,-1,1,79
217.145,230,273,262.0,24,-1,1,79
217.255,230,271,260.0,27,0,1,79
217.364,230,270,265.0,30,0,1,79
217.477,230,277,265.0,36,0,0,79
217.585,230,272,269.0,39,-1,0,79
217.694,230,271,266.0,42,-1,0,79
217.803,230,277,278.0,45,0,0,79
217.921,230,271,275.0,45,-1,0,79
218.027,230,278,266.0,46,-1,0,79
218.131,240,272,268.0,46,0,0,79
218.244,240,273,268.0,47,-1,0,79
218.352,240,277,267.0,47,0,-4,79
218.452,230,274,270.0,48,0,-7,79
218.560,230,274,270.0,48,0,-7,79
218.661,230,278,264.0,48,0,-7,79
218.770,230,274,256.0,48,0,-7,79
218.879,230,274,256.0,48,0,-7,79
218.988,230,275,264.0,48,0,-6,78
219.103,240,274,269.0,48,0,-5,78
219.211,240,274,269.0,48,0,-5,78
219.312,230,272,268.0,48,0,-4,78
219.419,230,272,265.0,48,0,-3,78
219.520,230,274,262.0,48,0,-3,78
219.634,230,272,258.0,48,0,-3,78
219.742,230,267,250.0,48,0,-3,78
219.848,230,273,253.0,48,0,-3,78
219.954,230,268,259.0,48,0,-3,78
220.060,230,271,264.0,48,0,-3,78
220.169,230,272,254.0,48,0,-3,78
220.284,230,271,254.0,48,0,-3,78
220.399,230,271,254.0,48,0,-3,78
220.503,230,273,258.0,47,0,-3,78
220.605,230,273,263.0,47,0,-3,78
220.721,230,271,263.0,47,1,0,78
220.822,230,273,266.0,48,1,0,78
220.931,230,271,266.0,48,0,1,78
221.036,230,271,266.0,48,0,1,78
221.145,230,273,258.0,48,0,1,78
221.252,230,273,264.0,48,0,1,78
221.360,230,272,259.0,48,0,1,78
221.469,230,280,262.0,51,0,0,78
221.570,230,281,267.0,53,0,0,78
221.674,230,275,257.0,58,0,0,78
221.778,240,273,266.0,59,0,0,78
221.878,240,272,263.0,59,0,0,78
221.986,240,276,262.0,59,-1,0,78
222.095,240,282,270.0,59,-1,0,77
222.203,240,277,270.0,59,-1,2,77
222.310,240,274,268.0,59,0,0,77
222.420,240,276,265.0,59,0,-5,77
222.524,240,276,265.0,59,0,-5,77
222.632,240,279,272.0,59,0,-7,77
222.742,230,276,270.0,59,0,-7,77
222.858,230,275,267.0,59,0,-7,77
222.972,240,279,272.0,59,0,-6,77
223.080,240,277,268.0,59,0,-6,77
223.185,240,281,258.0,59,0,-5,77
223.291,240,274,257.0,59,0,-4,77
223.395,240,269,259.0,59,0,-4,77
223.503,240,276,268.0,59,0,-4,77
223.619,240,271,266.0,59,0,-3,77
223.726,240,274,263.0,59,0,-4,77
223.834,230,277,270.0,59,0,-3,77
223.938,240,273,263.0,59,0,-3,77
224.053,240,276,261.0,59,0,-3,77
224.162,240,275,261.0,59,0,-3,77
224.278,240,279,263.0,59,0,-3,77
224.386,240,276,264.0,59,0,-2,77
224.495,240,272,260.0,59,0,-2,77
224.602,240,273,257.0,59,1,-3,77
224.711,230,274,259.0,59,1,-3,77
224.827,230,271,262.0,59,1,-3,77
224.941,230,272,261.0,59,1,-3,77
225.060,230,275,258.0,59,2,-2,77
225.175,230,276,256.0,59,2,-2,77
225.291,230,276,254.0,59,1,-2,77
225.398,230,274,254.0,59,1,-2,77
225.511,230,273,254.0,59,1,-2,77
225.619,230,277,258.0,59,1,-2,77
225.728,240,275,259.0,59,1,0,77
225.836,240,273,258.0,59,1,1,77
225.944,240,276,264.0,59,1,2,77
226.054,240,274,262.0,59,2,2,77
226.177,240,272,256.0,63,1,1,77
226.279,240,274,255.0,65,1,1,77
226.390,230,276,258.0,67,1,1,77
226.505,230,277,256.0,69,0,1,77
226.619,230,271,256.0,74,0,1,77
226.725,230,274,264.0,76,0,1,77
226.835,230,274,264.0,76,0,1,77
226.943,230,278,268.0,78,0,0,77
227.052,240,277,268.0,79,0,0,76
227.153,240,275,269.0,79,0,0,76
227.261,240,280,267.0,80,0,2,76
227.370,240,286,268.0,80,0,0,76
227.478,240,279,274.0,81,0,-2,76
227.594,240,277,273.0,81,0,-5,76
227.703,240,278,270.0,81,1,-6,76
227.811,240,283,273.0,81,0,-6,76
227.919,240,279,267.0,81,0,-7,76
228.026,240,281,268.0,81,0,-6,76
228.129,240,275,272.0,81,1,-6,76
228.234,240,281,265.0,81,0,-5,76
228.343,240,274,265.0,81,0,-4,76
228.445,240,276,264.0,81,0,-4,76
228.560,240,284,261.0,81,0,-3,76
228.661,240,274,267.0,81,0,-2,76
228.761,240,275,270.0,81,0,-2,76
228.861,240,275,270.0,81,0,-2,76
228.969,240,276,265.0,81,0,-2,76
229.076,240,271,259.0,81,0,-2,76
229.185,240,271,259.0,81,0,-2,76
229.287,230,260,256.0,81,0,-2,76
229.395,230,261,262.0,81,0,0,76
229.502,230,261,262.0,81,0,0,76
229.611,230,270,262.0,81,0,2,76
229.714,230,271,258.0,82,0,2,76
229.831,230,274,264.0,84,0,2,76
229.936,230,271,262.0,86,0,2,76
230.044,230,269,265.0,89,0,1,76
230.158,230,275,269.0,91,0,1,76
230.268,230,277,264.0,93,0,1,76
230.377,240,277,263.0,95,0,1,76
230.478,240,277,270.0,100,0,1,76
230.594,240,277,266.0,102,0,1,76
230.701,240,277,266.0,104,0,1,76
230.803,240,275,268.0,104,0,0,76
230.921,240,278,261.0,104,0,1,76
231.035,240,276,251.0,104,-1,3,76
231.136,240,274,262.0,104,0,1,76
231.252,240,270,260.0,104,0,0,76
231.358,240,270,254.0,104,0,-1,76
231.460,230,271,257.0,104,0,-4,76
231.570,230,275,261.0,104,0,-5,76
231.685,230,277,266.0,104,0,-6,76
231.786,230,276,266.0,104,0,-6,76
231.893,230,274,261.0,104,0,-5,76
232.006,230,274,264.0,104,0,-4,75
232.111,230,274,264.0,104,0,-4,75
232.220,230,270,269.0,104,0,-3,75
232.327,240,273,274.0,104,0,-3,75
232.438,240,269,265.0,105,0,-3,75
232.545,240,269,265.0,105,0,-3,75
232.654,240,273,267.0,105,0,-3,75
232.769,240,273,267.0,105,0,-3,75
232.878,230,272,262.0,105,0,-2,75
232.987,230,272,262.0,105,0,-2,75
233.108,230,269,259.0,105,0,-2,75
233.210,230,269,259.0,105,0,-2,75
233.312,230,266,263.0,105,-1,-1,75
233.419,230,266,263.0,105,-1,-1,75
233.528,230,266,263.0,105,-1,-1,75
233.633,230,266,263.0,105,-1,-1,75
233.749,230,268,263.0,105,0,-1,75
233.859,230,268,263.0,105,0,-1,75
233.972,230,268,263.0,105,0,-1,75
234.090,230,270,268.0,104,0,-2,75
234.192,230,270,268.0,104,0,-2,75
234.307,230,269,259.0,104,0,-2,75
234.412,230,269,259.0,104,0,-2,75
234.513,230,276,262.0,104,0,-2,75
234.623,230,276,262.0,104,0,-2,75
234.737,230,276,262.0,104,0,-2,75
234.846,230,268,266.0,104,0,0,75
234.954,230,270,270.0,104,0,2,75
235.060,230,270,271.0,104,0,2,75
235.177,230,273,264.0,106,0,2,75
235.290,230,273,271.0,108,0,2,75
235.397,230,273,272.0,114,0,1,75
235.510,230,273,272.0,114,0,1,75
235.613,230,268,266.0,119,-1,1,75
235.721,230,268,266.0,119,-1,1,75
235.825,230,273,272.0,124,-1,0,75
235.928,230,273,272.0,124,-1,0,75
236.035,230,274,271.0,126,0,0,74
236.154,230,274,271.0,126,0,0,74
236.260,230,274,271.0,127,-1,3,74
236.362,230,276,271.0,126,-1,1,74
236.467,230,275,272.0,126,0,0,74
236.581,230,276,273.0,126,0,0,74
236.686,230,276,274.0,126,0,-3,74
236.790,230,277,273.0,126,0,-5,74
236.904,230,277,266.0,126,0,-7,74
237.020,230,275,271.0,126,0,-7,74
237.128,240,280,269.0,126,0,-5,74
237.234,240,280,269.0,126,0,-5,74
237.344,240,278,264.0,126,0,-5,74
237.460,240,277,264.0,126,0,-3,74
237.570,240,273,272.0,126,0,-3,74
237.671,240,271,274.0,126,-1,-3,74
237.783,240,272,269.0,127,-1,-3,74
237.895,240,276,271.0,127,-1,-2,74
238.003,240,271,271.0,127,-1,-2,74
238.108,230,271,274.0,127,-1,-2,74
238.221,230,271,276.0,127,-1,-2,74
238.322,230,270,274.0,127,-1,-2,74
238.430,230,272,278.0,127,-1,-2,74
238.545,230,272,278.0,127,-1,-2,74
238.650,230,269,274.0,127,0,-2,74
238.755,230,272,273.0,127,0,-2,74
238.872,230,267,275.0,127,0,-2,74
238.987,230,267,269.0,127,0,-2,74
239.095,230,263,267.0,127,0,-2,74
239.203,230,270,272.0,126,0,-3,74
239.309,230,273,273.0,126,0,-3,74
239.424,230,269,267.0,126,0,-2,74
239.539,230,271,267.0,126,0,-1,74
239.645,230,271,267.0,126,0,-1,74
239.754,230,271,277.0,126,0,0,74
239.869,230,271,275.0,127,0,0,74
239.986,230,272,277.0,127,0,-1,74
240.087,230,268,270.0,127,0,-1,74
240.188,230,268,270.0,127,0,-1,74
240.303,230,269,274.0,127,0,-1,74
240.406,230,269,282.0,127,1,-1,74
240.522,230,271,278.0,127,1,-1,74
240.627,230,274,277.0,127,1,-2,74
240.736,230,274,278.0,127,1,-2,74
240.845,230,275,276.0,127,1,-2,74
240.946,230,273,270.0,127,0,-2,74
241.051,230,271,272.0,127,1,-2,73
241.164,230,272,277.0,127,0,-2,73
241.270,230,276,275.0,127,0,-2,73
241.377,240,275,276.0,127,1,0,73
241.492,240,274,267.0,127,1,1,73
241.595,240,276,272.0,127,1,1,73
241.712,240,277,269.0,127,1,1,73
241.827,240,273,269.0,128,1,0,73
241.937,230,274,271.0,131,1,0,73
242.053,230,272,267.0,133,1,0,73
242.162,230,270,272.0,136,1,1,73
242.262,230,270,275.0,141,1,1,73
242.377,230,274,274.0,144,1,0,73
242.483,230,276,271.0,146,1,0,73
242.587,230,271,270.0,149,1,0,73
242.692,230,270,272.0,149,0,0,73
242.807,230,269,275.0,149,1,0,73
242.920,230,269,273.0,149,0,3,73
243.028,230,270,267.0,149,0,1,73
243.140,230,267,273.0,149,0,0,73
243.255,230,275,274.0,149,1,0,73
243.367,230,266,273.0,149,1,-2,73
243.475,230,267,275.0,149,1,-5,73
243.578,230,273,272.0,149,1,-6,73
243.696,230,269,280.0,149,1,-6,73
243.810,230,270,276.0,149,1,-6,73
243.918,230,274,275.0,149,1,-5,73
244.024,230,272,271.0,149,1,-5,73
244.134,230,269,274.0,149,1,-4,73
244.238,230,270,268.0,149,1,-3,73
244.344,230,272,272.0,149,1,-3,73
244.450,230,272,273.0,149,1,-3,73
244.557,230,273,273.0,149,1,-3,73
244.667,230,274,263.0,149,1,-3,73
244.779,230,266,268.0,149,1,-4,73
244.886,230,267,272.0,149,1,-3,73
244.991,230,266,266.0,149,1,-3,73
245.103,230,266,262.0,149,1,-3,73
245.210,230,265,268.0,149,1,-3,73
245.310,230,267,272.0,149,1,-3,73
245.411,230,264,265.0,149,1,-3,73
245.518,230,266,270.0,149,1,-3,73
245.625,230,262,267.0,149,1,-2,73
245.741,230,265,266.0,149,1,-2,73
245.850,230,269,264.0,149,0,-2,73
245.965,230,273,271.0,149,0,-3,73
246.077,230,268,269.0,149,1,-3,73
246.184,230,268,269.0,149,1,-3,73
246.285,230,270,269.0,149,1,-2,73
246.395,230,270,269.0,149,1,-2,73
246.495,230,271,271.0,149,1,-2,73
246.609,230,274,273.0,149,0,-2,73
246.716,230,274,272.0,149,0,-2,73
246.823,230,277,276.0,150,1,-3,73
246.937,230,276,272.0,150,1,-3,73
247.052,240,277,269.0,149,1,-2,72
247.158,240,273,277.0,149,1,-2,72
247.265,240,278,274.0,149,1,-2,72
247.382,240,270,271.0,149,1,-2,72
247.494,240,266,271.0,149,1,-3,72
247.610,230,258,276.0,149,1,-1,72
247.717,230,260,280.0,149,1,0,72
247.826,230,259,278.0,149,1,1,72
247.938,230,268,276.0,149,0,1,72
248.041,230,268,276.0,149,0,1,72
248.155,230,271,282.0,154,0,1,72
248.262,230,273,282.0,156,0,0,72
248.378,230,285,277.0,159,0,0,72
248.487,240,277,278.0,161,0,0,72
248.595,240,281,280.0,164,0,0,72
248.698,240,276,283.0,166,0,0,72
248.803,240,274,286.0,172,0,0,72
248.911,240,282,277.0,174,0,0,72
249.017,240,278,283.0,177,0,0,72
249.120,240,274,284.0,177,0,1,72
249.229,240,273,283.0,177,-1,2,72
249.331,240,274,277.0,177,0,0,72
249.447,230,274,285.0,177,0,0,72
249.556,230,275,279.0,177,1,-1,72
249.660,230,268,285.0,177,1,-3,72
249.775,230,269,281.0,177,1,-6,72
249.877,230,267,278.0,177,0,-7,72
249.985,230,268,273.0,177,0,-7,72
250.099,230,271,287.0,177,0,-7,72
250.207,230,269,289.0,177,0,-6,72
250.318,230,270,283.0,177,0,-5,72
250.427,230,270,283.0,177,0,-5,72
250.540,230,273,290.0,177,0,-4,72
250.654,230,276,289.0,177,0,-4,72
250.760,230,276,289.0,177,0,-4,72
250.869,230,279,278.0,177,0,-3,72
250.977,230,275,281.0,177,0,-3,72
251.086,230,276,285.0,177,0,-3,71
251.186,230,275,284.0,177,0,-3,71
251.288,230,275,289.0,177,0,-3,71
251.398,230,275,279.0,177,0,-3,71
251.503,240,277,277.0,177,1,-3,71
251.603,240,272,278.0,177,0,-3,71
251.712,230,271,276.0,177,0,-3,71
251.823,230,274,278.0,177,0,-3,71
251.939,230,271,282.0,177,0,-3,71
252.053,230,268,283.0,177,0,-3,71
252.177,230,268,283.0,177,0,-3,71
252.291,230,266,292.0,177,0,-3,71
252.393,230,271,285.0,177,0,-3,71
252.503,230,267,285.0,177,0,-3,71
252.612,230,268,285.0,177,0,-3,71
252.720,230,266,285.0,177,0,-3,71
252.821,230,272,282.0,177,0,-3,71
252.928,230,274,283.0,177,0,-3,71
253.029,230,274,285.0,177,0,-3,71
253.137,230,274,285.0,177,0,-3,71
253.239,230,271,293.0,177,0,-3,71
253.354,230,271,293.0,177,0,-3,71
253.461,230,271,286.0,177,0,-3,71
253.575,230,275,280.0,177,0,-4,71
253.678,230,280,286.0,177,0,-4,71
253.785,240,279,289.0,177,0,-4,71
253.888,240,276,288.0,177,0,-3,71
253.996,240,279,288.0,177,0,-3,71
254.098,240,279,288.0,177,0,-3,71
254.223,240,272,285.0,177,0,-3,71
254.329,240,277,285.0,177,0,-3,71
254.442,240,272,284.0,177,0,-3,71
254.545,240,276,280.0,177,0,-3,71
254.653,240,275,286.0,177,0,-3,71
254.766,240,274,274.0,177,0,-3,71
254.875,240,274,274.0,177,0,-3,71
254.976,240,276,284.0,177,0,-3,71
255.084,230,271,274.0,177,0,-3,71
255.185,230,273,273.0,177,0,-2,71
255.294,230,270,273.0,177,0,0,71
255.400,230,270,277.0,177,0,0,71
255.500,230,270,277.0,177,0,0,71
255.612,230,271,283.0,179,1,1,71
255.712,230,272,281.0,-178,1,1,71
255.821,230,270,283.0,-175,0,1,71
255.937,230,272,272.0,-173,0,0,71
256.044,230,269,274.0,-170,0,0,71
256.148,230,274,283.0,-167,0,0,71
256.257,230,273,282.0,-164,0,0,71
256.364,230,277,283.0,-157,0,0,71
256.487,230,273,288.0,-154,1,0,71
256.610,230,271,290.0,-153,1,0,71
256.719,230,273,281.0,-152,0,2,71
256.827,230,272,290.0,-152,0,2,71
256.939,230,270,292.0,-151,1,1,71
257.045,230,272,284.0,-151,2,-3,70
257.160,230,272,284.0,-151,2,-3,70
257.269,230,275,278.0,-151,3,-6,70
257.381,230,276,282.0,-151,3,-6,70
257.495,230,276,281.0,-152,3,-6,70
257.604,240,276,283.0,-152,2,-5,70
257.706,240,276,280.0,-152,2,-5,70
257.812,240,277,280.0,-152,2,-4,70
257.912,240,278,285.0,-151,2,-4,70
258.021,240,278,288.0,-151,1,-4,70
258.133,240,274,287.0,-151,1,-4,70
258.240,240,277,288.0,-151,1,-4,70
258.352,240,276,285.0,-151,1,-4,70
258.454,240,273,284.0,-151,1,-4,70
258.561,240,276,283.0,-151,1,-4,70
258.672,230,272,279.0,-151,1,-4,70
258.779,230,269,276.0,-151,1,-4,70
258.887,230,272,285.0,-151,1,-4,70
258.996,230,265,277.0,-151,1,-4,70
259.104,230,260,272.0,-151,1,-3,70
259.205,230,260,275.0,-151,1,-3,70
259.313,230,260,275.0,-151,1,-4,70
259.428,230,261,277.0,-151,1,-3,70
259.540,230,267,288.0,-151,1,-3,70
259.656,230,270,289.0,-151,0,-3,70
259.773,230,273,289.0,-151,0,-3,70
259.878,230,281,270.0,-151,0,-3,70
259.983,230,283,272.0,-151,0,-3,70
260.090,230,289,287.0,-151,0,-3,70
260.198,230,289,287.0,-151,0,-3,70
260.298,240,288,282.0,-151,0,-3,70
260.412,240,298,288.0,-151,0,-3,70
260.524,240,298,288.0,-151,0,-3,70
260.636,240,292,289.0,-151,0,-3,70
260.738,240,292,289.0,-151,0,-3,70
260.846,240,292,289.0,-151,0,-3,70
260.953,250,283,283.0,-151,1,-2,70
261.062,250,280,281.0,-151,1,-2,70
261.170,240,278,278.0,-151,1,-2,70
261.285,240,280,276.0,-151,1,-2,70
261.387,240,274,271.0,-151,1,-2,70
261.501,240,271,262.0,-151,1,-2,70
261.602,240,271,262.0,-151,1,-2,70
261.712,240,271,262.0,-151,1,-2,70
261.816,240,271,262.0,-151,1,-2,70
261.920,240,271,262.0,-151,1,-2,70
262.037,240,271,262.0,-151,1,-2,70
262.138,240,271,262.0,-151,1,-2,70
262.256,240,271,262.0,-151,1,-2,70
262.364,240,271,262.0,-151,1,-2,70
262.468,240,271,262.0,-151,1,-2,70
262.578,240,271,262.0,-151,1,-2,70
262.684,240,271,262.0,-151,1,-2,70
262.793,240,271,262.0,-151,1,-2,70
262.901,230,264,272.0,-151,0,-3,70
263.012,230,265,261.0,-151,1,-4,70
263.120,230,267,260.0,-151,1,-4,70
263.234,230,272,274.0,-151,1,-3,70
263.344,230,273,282.0,-151,1,-4,70
263.445,230,275,282.0,-151,1,-3,70
263.553,230,270,284.0,-151,1,-4,70
263.662,230,274,288.0,-151,1,-2,70
263.769,240,274,284.0,-151,1,0,70
263.870,240,279,292.0,-151,1,0,70
263.979,240,274,281.0,-151,1,0,70
264.094,240,274,276.0,-151,0,0,69
264.204,240,271,280.0,-149,0,0,69
264.312,230,279,269.0,-147,0,0,69
264.420,230,277,272.0,-143,0,0,69
264.526,230,277,271.0,-141,0,0,69
264.633,230,274,281.0,-139,0,0,69
264.740,230,272,287.0,-136,0,0,69
264.854,230,275,280.0,-133,0,0,69
264.954,230,275,280.0,-133,0,0,69
265.063,230,274,287.0,-128,0,-1,69
265.167,230,279,278.0,-126,0,0,69
265.271,230,275,285.0,-126,0,0,69
265.372,230,275,278.0,-126,0,0,69
265.484,230,276,282.0,-126,0,-1,69
265.587,230,276,281.0,-126,0,-1,69
265.696,230,277,286.0,-126,1,-1,69
265.804,230,278,283.0,-126,1,-3,69
265.906,230,274,281.0,-126,1,-6,69
266.011,230,277,278.0,-126,0,-7,69
266.119,230,280,280.0,-126,1,-8,69
266.229,230,280,280.0,-126,1,-8,69
266.343,240,279,268.0,-126,0,-7,69
266.458,240,280,267.0,-126,1,-6,69
266.573,240,276,275.0,-126,0,-3,69
266.682,240,280,275.0,-127,0,-1,69
266.790,240,274,274.0,-127,0,0,69
266.898,240,268,276.0,-127,0,0,69
267.013,240,273,271.0,-126,0,0,69
267.114,240,269,271.0,-124,0,1,69
267.221,230,268,277.0,-122,0,0,69
267.328,230,265,279.0,-120,0,0,69
267.437,230,265,280.0,-117,0,0,69
267.537,230,266,280.0,-115,0,0,69
267.642,230,265,282.0,-112,0,0,69
267.751,230,262,276.0,-109,0,0,69
267.863,230,269,284.0,-107,0,0,69
267.966,230,271,277.0,-104,0,0,69
268.074,230,264,281.0,-103,0,0,69
268.187,230,271,286.0,-103,1,0,69
268.296,230,269,290.0,-103,1,-1,69
268.397,230,272,281.0,-103,1,-1,69
268.512,230,274,280.0,-103,1,-1,69
268.620,230,280,280.0,-103,1,-3,69
268.723,230,279,284.0,-104,1,-6,69
268.831,230,284,284.0,-104,1,-7,69
268.937,230,282,284.0,-104,1,-8,69
269.046,240,282,279.0,-104,1,-8,69
269.154,240,282,279.0,-104,1,-8,69
269.254,240,279,279.0,-104,1,-7,69
269.356,240,268,275.0,-104,1,-5,69
269.467,240,274,271.0,-104,1,-5,69
269.579,240,271,277.0,-104,0,-5,69
269.695,240,271,277.0,-104,0,-5,69
269.803,240,268,274.0,-104,0,-4,69
269.912,230,267,270.0,-104,0,-4,69
270.017,230,265,271.0,-104,0,-4,68
270.120,230,256,267.0,-104,0,-4,68
270.226,230,260,270.0,-104,0,-4,68
270.337,230,261,269.0,-104,0,-4,68
270.442,230,262,269.0,-104,0,-4,68
270.547,230,259,265.0,-104,0,-1,68
270.661,230,269,274.0,-104,0,0,68
270.774,230,270,270.0,-104,0,0,68
270.880,230,279,278.0,-103,1,0,68
270.995,230,274,273.0,-101,1,0,68
271.104,230,276,281.0,-99,1,0,68
271.205,240,279,279.0,-94,0,0,68
271.313,240,283,278.0,-91,0,0,68
271.415,240,284,286.0,-88,0,0,68
271.533,240,282,290.0,-86,0,0,68
271.637,240,281,284.0,-84,0,0,68
271.744,240,279,285.0,-84,0,0,68
271.846,240,279,285.0,-84,0,0,68
271.954,240,282,286.0,-84,0,0,68
272.062,240,276,283.0,-84,0,-2,68
272.165,240,276,283.0,-84,0,-5,68
272.271,240,282,281.0,-84,1,-6,68
272.371,240,281,285.0,-84,1,-7,68
272.477,240,276,286.0,-84,1,-7,68
272.580,240,276,286.0,-84,1,-7,68
272.685,240,275,278.0,-84,1,-6,68
272.793,240,275,278.0,-84,1,-6,68
272.906,240,283,273.0,-84,1,-5,68
273.007,240,281,271.0,-84,1,-5,68
273.121,240,278,282.0,-84,1,-5,68
273.230,240,276,285.0,-84,1,-4,68
273.340,240,282,282.0,-84,1,-4,68
273.455,240,280,279.0,-84,1,-3,68
273.571,240,280,275.0,-84,1,-3,68
273.678,240,277,279.0,-84,1,-4,68
273.793,240,278,271.0,-84,1,-4,68
273.897,240,282,271.0,-84,0,-4,68
274.004,240,274,268.0,-84,1,-3,68
274.109,240,272,274.0,-84,1,-3,68
274.221,240,275,268.0,-84,1,-3,68
274.332,240,275,258.0,-84,1,-3,68
274.450,240,270,266.0,-84,1,-3,68
274.570,230,272,268.0,-84,1,-3,68
274.671,230,272,272.0,-84,1,-3,68
274.779,230,268,263.0,-84,1,-3,68
274.888,230,272,263.0,-84,1,-3,68
274.996,230,266,260.0,-84,1,-3,68
275.103,230,266,261.0,-84,1,-3,68
275.213,230,270,265.0,-84,1,-3,68
275.320,230,266,259.0,-84,1,-3,68
275.428,230,267,266.0,-84,1,-3,68
275.543,230,268,267.0,-84,1,-3,68
275.658,230,269,265.0,-84,1,-4,68
275.772,230,270,264.0,-84,1,-4,68
275.878,230,272,261.0,-84,1,-4,68
275.994,230,270,263.0,-84,1,-3,68
276.106,230,270,264.0,-84,1,-3,68
276.215,230,270,264.0,-84,1,-3,68
276.321,230,273,262.0,-84,1,-3,68
276.430,230,267,263.0,-84,1,-3,68
276.537,230,268,271.0,-84,1,-3,68
276.655,230,270,268.0,-84,1,-4,68
276.777,230,273,260.0,-84,1,-3,68
276.881,230,266,265.0,-84,1,-4,68
276.994,230,276,256.0,-84,1,-3,68
277.109,230,274,264.0,-84,1,-3,68
277.215,230,274,259.0,-84,1,-3,68
277.337,230,272,260.0,-84,1,-3,68
277.446,230,277,265.0,-84,1,-3,68
277.554,230,274,260.0,-84,1,-3,68
277.656,230,271,260.0,-84,1,-3,68
277.757,230,270,262.0,-84,0,-3,68
277.865,230,274,255.0,-84,0,-3,68
277.966,230,273,267.0,-84,0,-3,68
278.073,230,273,266.0,-84,0,-3,68
278.177,230,271,261.0,-84,0,-3,68
278.278,230,268,265.0,-84,0,-3,68
278.388,230,272,263.0,-84,0,-3,68
278.501,230,274,268.0,-84,0,-3,68
278.604,230,269,268.0,-84,0,-3,68
278.712,230,264,269.0,-84,0,-3,68
278.828,230,270,267.0,-84,0,-3,68
278.937,230,267,264.0,-84,0,-3,68
279.046,230,268,262.0,-84,0,-3,67
279.154,230,267,261.0,-84,0,-3,67
279.260,230,264,262.0,-84,0,-3,67
279.371,230,265,264.0,-84,0,-3,67
279.479,230,268,265.0,-84,0,-2,67
279.587,230,269,272.0,-84,0,-2,67
279.695,230,268,275.0,-84,0,-2,67
279.801,230,273,270.0,-84,0,-2,67
279.902,230,273,270.0,-84,0,-2,67
280.004,230,271,269.0,-84,0,-2,67
280.104,230,272,264.0,-84,0,-2,67
280.212,230,273,264.0,-84,0,-2,67
280.320,230,272,263.0,-84,0,-2,67
280.430,230,276,274.0,-84,0,-2,67
280.542,230,274,273.0,-84,0,-2,67
280.658,240,274,272.0,-84,0,-2,67
280.773,240,275,270.0,-84,0,-2,67
280.892,240,275,270.0,-83,0,-2,67
281.007,240,274,260.0,-83,0,-2,67
281.109,240,278,272.0,-84,0,-2,67
281.215,240,277,264.0,-84,0,-2,67
281.321,240,272,265.0,-84,0,-2,67
281.436,240,275,269.0,-84,0,-2,67
281.545,240,277,264.0,-84,0,-3,67
281.653,240,277,264.0,-84,0,-3,67
281.763,230,271,265.0,-84,0,-3,67
281.870,230,275,264.0,-84,0,-3,67
281.975,230,271,261.0,-84,0,-3,67
282.075,230,271,261.0,-84,0,-3,67
282.194,230,271,260.0,-84,0,-3,67
282.295,230,272,261.0,-84,0,-3,67
282.397,230,272,261.0,-84,0,-3,67
282.504,230,272,261.0,-84,0,-3,67
282.605,230,273,279.0,-84,0,-3,67
282.713,230,274,274.0,-84,0,-3,67
282.821,230,276,272.0,-84,0,-3,67
282.935,230,267,273.0,-83,0,-1,67
283.042,230,269,271.0,-84,0,0,66
283.143,230,268,272.0,-84,0,0,66
283.258,230,273,274.0,-84,0,0,66
283.371,230,267,265.0,-80,0,0,66
283.478,230,267,276.0,-78,0,0,66
283.587,230,269,277.0,-75,0,0,66
283.695,230,272,273.0,-73,0,0,66
283.803,230,273,274.0,-70,0,0,66
283.915,230,271,272.0,-67,0,0,66
284.021,230,271,271.0,-65,0,0,66
284.130,230,272,268.0,-62,0,0,66
284.238,230,271,269.0,-60,0,-1,66
284.344,230,273,269.0,-58,0,0,66
284.452,230,272,270.0,-58,-1,1,66
284.554,230,275,280.0,-57,0,0,66
284.662,230,275,281.0,-57,0,-1,66
284.770,230,276,269.0,-58,0,-2,66
284.876,230,278,275.0,-58,1,-4,66
284.978,230,279,278.0,-58,1,-6,66
285.085,240,282,285.0,-58,1,-8,66
285.187,240,282,285.0,-58,1,-8,66
285.302,240,280,272.0,-58,1,-8,66
285.408,240,281,277.0,-58,1,-8,66
285.522,240,280,275.0,-58,1,-7,66
285.629,240,280,273.0,-58,1,-7,66
285.729,240,276,274.0,-58,1,-6,66
285.838,240,275,269.0,-58,1,-5,66
285.940,240,279,279.0,-58,0,-5,66
286.042,240,279,278.0,-58,1,-5,66
286.146,240,271,279.0,-58,1,-5,66
286.246,240,273,275.0,-58,0,-4,66
286.355,240,271,271.0,-57,0,-4,66
286.463,240,268,273.0,-57,0,-4,66
286.572,230,270,272.0,-57,1,-4,66
286.678,230,270,269.0,-57,1,-4,66
286.794,230,269,277.0,-58,1,-4,66
286.905,230,266,270.0,-58,1,-4,66
287.012,230,263,274.0,-58,1,-4,66
287.128,230,259,271.0,-58,1,-4,66
287.242,230,260,270.0,-58,0,-4,66
287.351,230,263,267.0,-58,0,-4,66
287.455,230,258,270.0,-58,0,-4,66
287.556,230,262,272.0,-58,0,-4,66
287.662,230,264,276.0,-57,0,-4,66
287.767,230,268,274.0,-57,0,-4,66
287.878,230,270,269.0,-57,0,-4,66
287.981,230,272,272.0,-58,0,-4,66
288.098,230,285,272.0,-58,0,-4,66
288.204,230,285,272.0,-58,0,-4,66
288.307,240,289,274.0,-58,0,-4,66
288.407,240,289,274.0,-58,0,-4,66
288.529,240,285,274.0,-58,0,-4,66
288.635,240,290,278.0,-57,0,-4,66
288.737,240,289,272.0,-58,0,-3,66
288.845,240,291,277.0,-58,0,-3,66
288.953,240,291,277.0,-58,0,-3,66
289.062,240,283,270.0,-58,0,-3,66
289.176,240,283,273.0,-58,0,-3,66
289.286,240,278,269.0,-58,0,-3,66
289.392,240,276,272.0,-58,1,-3,66
289.496,240,272,264.0,-58,0,-3,66
289.607,240,277,263.0,-58,0,-3,66
289.714,240,270,268.0,-58,0,-1,66
289.817,230,264,263.0,-58,0,0,66
289.923,230,263,243.0,-58,0,0,66
290.029,230,263,243.0,-58,0,0,66
290.136,230,263,252.0,-54,0,0,65
290.251,230,263,252.0,-52,0,0,65
290.362,230,263,252.0,-52,0,0,65
290.477,230,260,259.0,-47,1,0,65
290.592,230,263,256.0,-45,0,0,65
290.700,230,264,254.0,-42,0,0,65
290.815,230,268,255.0,-39,0,0,65
290.924,230,268,251.0,-34,0,0,65
291.038,230,268,255.0,-34,0,0,65
291.146,230,268,255.0,-34,0,0,65
291.260,230,271,261.0,-34,0,2,65
291.364,230,271,261.0,-34,0,2,65
291.477,230,276,263.0,-34,0,0,65
291.592,230,273,261.0,-34,1,-3,65
291.701,230,277,266.0,-34,1,-5,65
291.814,230,279,267.0,-34,1,-6,65
291.920,230,279,269.0,-34,1,-7,65
292.028,230,280,260.0,-34,1,-7,65
292.132,240,276,262.0,-34,1,-6,65
292.239,240,272,261.0,-34,1,-6,65
292.346,240,276,259.0,-34,1,-6,65
292.448,240,278,260.0,-34,1,-5,65
292.563,240,269,255.0,-34,1,-4,65
292.671,240,269,255.0,-34,1,-4,65
292.779,240,272,253.0,-33,1,-4,65
292.887,230,267,261.0,-33,1,-4,65
292.991,230,269,254.0,-33,1,-3,65
293.098,230,270,253.0,-34,1,-3,65
293.204,230,270,252.0,-34,1,-3,65
293.311,230,270,252.0,-34,1,-3,65
293.411,230,271,250.0,-34,1,-3,65
293.521,230,271,250.0,-34,1,-3,65
293.621,230,263,259.0,-34,1,-3,65
293.728,230,267,257.0,-34,1,-3,65
293.832,230,267,250.0,-34,2,-3,65
293.932,230,269,255.0,-34,2,-4,65
294.048,230,270,251.0,-34,2,-3,65
294.154,230,268,252.0,-34,1,-3,65
294.263,230,269,249.0,-34,1,-3,65
294.371,230,271,251.0,-34,1,-3,65
294.480,230,268,265.0,-34,1,-3,65
294.586,230,269,269.0,-34,1,-3,65
294.688,230,271,268.0,-34,1,-3,65
294.794,230,271,268.0,-34,1,-3,65
294.910,230,276,262.0,-34,1,-3,65
295.021,230,272,256.0,-34,0,-1,65
295.129,230,279,254.0,-34,0,0,65
295.236,230,279,261.0,-34,0,0,65
295.347,230,279,261.0,-34,0,0,65
295.454,240,278,255.0,-34,0,0,65
295.563,240,279,262.0,-31,0,0,65
295.668,240,277,264.0,-29,0,0,65
295.783,240,278,266.0,-24,1,0,65
295.887,240,278,266.0,-24,1,0,65
295.995,240,274,262.0,-19,1,0,64
296.097,240,281,258.0,-17,1,0,64
296.204,240,273,261.0,-14,1,0,64
296.313,240,275,260.0,-12,1,0,64
296.420,240,273,262.0,-9,1,0,64
296.526,240,273,262.0,-9,1,0,64
296.632,230,273,263.0,-5,0,1,64
296.739,230,274,264.0,-5,1,0,64
296.846,230,273,266.0,-5,2,0,64
296.955,230,269,268.0,-5,2,0,64
297.066,230,269,268.0,-5,2,0,64
297.180,230,272,259.0,-5,2,-1,64
297.296,230,273,263.0,-5,2,-6,64
297.419,230,272,261.0,-5,2,-7,64
297.528,230,276,263.0,-5,2,-7,64
297.630,230,277,263.0,-5,2,-7,64
297.732,230,273,262.0,-5,2,-6,64
297.846,240,272,263.0,-5,2,-6,64
297.965,240,276,260.0,-5,1,-5,64
298.065,240,276,260.0,-5,2,-5,64
298.167,240,275,264.0,-5,2,-4,64
298.271,240,277,260.0,-5,1,-4,64
298.372,240,273,256.0,-5,1,-4,64
298.480,240,267,256.0,-5,2,-3,64
298.587,230,271,258.0,-5,2,-3,64
298.701,230,269,254.0,-5,2,-3,64
298.804,230,266,253.0,-5,1,-3,64
298.911,230,264,256.0,-5,1,-3,64
299.020,230,267,254.0,-5,1,-3,64
299.130,230,267,254.0,-5,1,-3,64
299.245,230,258,252.0,-5,1,-3,64
299.356,230,255,249.0,-5,1,-3,64
299.471,220,251,260.0,-5,2,-3,64
299.575,220,251,260.0,-5,2,-3,64
299.684,220,255,261.0,-5,2,-2,64
299.807,220,260,264.0,-5,1,-3,64
299.912,220,266,267.0,-5,1,-3,64
300.021,220,268,270.0,-5,1,-3,64
300.127,230,276,266.0,-5,0,-3,64
300.233,230,277,272.0,-5,0,-2,64
300.338,230,283,268.0,-5,0,-2,64
300.446,240,283,264.0,-5,0,-2,64
300.559,240,284,272.0,-5,0,-2,64
300.668,240,288,275.0,-5,0,-2,64
300.773,240,291,280.0,-5,0,-3,64
300.878,240,291,280.0,-5,0,-5,64
300.992,250,287,272.0,-5,0,-4,64
301.107,250,285,272.0,-5,0,-3,63
301.222,240,282,272.0,-5,0,-3,63
301.330,240,281,275.0,-5,0,-3,63
301.435,240,275,274.0,-5,0,0,63
301.542,240,273,272.0,-5,0,0,63
301.658,240,266,274.0,-5,0,-1,63
301.758,240,269,271.0,-5,0,-3,63
301.870,230,267,268.0,-5,0,-4,63
301.980,230,268,265.0,-5,0,-4,63
302.088,230,264,254.0,-5,0,-1,63
302.196,230,262,265.0,-5,0,0,63
302.305,230,264,266.0,-5,0,1,63
302.414,230,262,267.0,-5,0,1,63
302.521,230,263,263.0,-4,0,1,63
302.642,230,263,257.0,-2,0,1,63
302.757,230,264,259.0,2,0,0,63
302.875,230,265,261.0,5,0,0,63
302.981,230,265,268.0,8,0,0,63
303.082,230,266,258.0,11,0,0,63
303.184,230,267,265.0,12,0,0,63
303.291,230,271,260.0,12,-1,0,63
303.397,230,271,263.0,12,-2,1,63
303.497,230,274,269.0,12,-3,2,63
303.614,230,273,262.0,12,-1,0,63
303.720,230,273,265.0,12,-1,0,63
303.827,230,277,269.0,12,-1,-1,63
303.938,230,276,267.0,12,-1,-3,63
304.047,230,279,267.0,12,0,-5,63
304.155,230,279,265.0,12,0,-5,63
304.256,240,279,265.0,12,0,-5,63
304.356,240,279,270.0,12,0,-5,63
304.461,240,279,271.0,12,0,-5,63
304.571,240,280,272.0,12,0,-4,63
304.681,240,278,275.0,12,0,-4,63
304.788,240,281,264.0,12,0,-3,63
304.904,240,272,273.0,12,0,-3,63
305.006,240,275,271.0,12,-1,-3,63
305.115,240,269,265.0,12,0,-2,62
305.221,240,270,264.0,12,-1,-2,62
305.323,230,270,270.0,12,-1,-1,62
305.438,230,265,270.0,12,-1,-1,62
305.547,230,266,275.0,12,0,-2,62
305.655,230,266,275.0,12,0,-2,62
305.761,230,265,270.0,12,0,1,62
305.872,230,265,260.0,12,0,2,62
305.981,230,266,268.0,12,0,2,62
306.086,230,263,267.0,12,0,1,62
306.194,230,263,266.0,12,0,1,62
306.304,230,264,264.0,12,0,1,62
306.405,230,269,268.0,12,0,1,62
306.506,230,266,273.0,12,0,1,62
306.620,230,262,262.0,12,0,1,62
306.722,230,269,273.0,12,0,0,62
306.829,230,266,269.0,12,0,0,62
306.938,230,271,261.0,12,0,0,62
307.042,230,274,267.0,12,0,0,62
307.150,230,268,272.0,12,0,0,62
307.262,230,277,271.0,12,0,2,62
307.380,230,276,274.0,12,0,0,62
307.493,230,271,276.0,12,0,0,62
307.605,230,273,270.0,12,0,-1,62
307.712,230,272,272.0,12,0,-1,62
307.826,230,272,275.0,12,0,-2,62
307.938,230,271,273.0,12,0,-4,62
308.039,230,277,276.0,12,0,-7,62
308.145,230,276,272.0,12,0,-5,62
308.262,230,272,282.0,12,0,-1,62
308.366,230,272,282.0,12,0,-1,62
308.471,230,272,281.0,12,0,0,62
308.573,230,274,276.0,12,1,0,62
308.675,230,269,273.0,12,1,2,62
308.777,230,273,271.0,12,0,1,62
308.879,230,273,271.0,12,0,1,62
308.987,230,271,279.0,12,0,0,62
309.101,230,268,273.0,12,0,0,62
309.203,230,266,278.0,12,0,0,62
309.304,230,269,277.0,12,0,0,62
309.405,230,266,287.0,12,0,-1,62
309.511,230,272,282.0,12,0,-1,62
309.621,230,266,286.0,12,1,-1,62
309.730,230,266,283.0,12,0,-1,62
309.837,230,271,276.0,12,0,-1,62
309.939,230,274,283.0,12,0,-1,62
310.055,230,273,283.0,12,0,-2,62
310.164,230,270,280.0,13,0,-2,62
310.278,230,275,279.0,12,0,-1,62
310.388,230,272,276.0,12,0,-1,62
310.495,230,276,280.0,12,0,-1,62
310.605,230,274,278.0,12,0,-1,62
310.710,230,273,282.0,12,0,-1,62
310.815,230,272,276.0,12,0,-1,62
310.939,230,270,279.0,12,1,-1,62
311.063,230,269,280.0,12,1,-1,62
311.179,230,271,276.0,12,1,-1,62
311.289,230,268,282.0,12,1,-1,62
311.390,230,274,277.0,12,3,-1,62
311.501,230,271,271.0,12,5,-1,62
311.614,230,271,276.0,12,6,-1,62
311.723,230,273,281.0,12,6,-1,62
311.838,230,269,282.0,12,6,-1,62
311.949,230,271,278.0,12,4,-1,62
312.064,230,271,270.0,12,1,-1,61
312.178,230,269,273.0,12,0,0,61
312.293,230,273,273.0,12,-1,-2,61
312.407,230,274,272.0,12,-1,-4,61
312.529,230,274,271.0,12,-1,-5,61
312.636,230,270,272.0,12,-1,-5,61
312.744,230,274,273.0,12,-1,-5,61
312.857,230,270,279.0,12,-1,-4,61
312.965,230,274,280.0,12,-1,-1,61
313.072,230,272,275.0,12,0,0,61
313.182,230,273,270.0,12,0,0,61
313.289,230,278,281.0,12,0,0,61
313.395,230,272,279.0,12,1,0,61
313.502,230,279,282.0,12,0,1,61
313.604,230,279,282.0,12,0,1,61
313.719,230,283,277.0,12,0,6,61
313.823,230,275,287.0,12,0,7,61
313.929,240,274,276.0,12,0,3,61
314.038,240,276,279.0,12,0,0,61
314.161,240,278,275.0,12,-1,0,61
314.277,240,282,278.0,12,-5,-1,61
314.380,240,275,273.0,12,-5,-1,61
314.486,240,278,280.0,12,-5,0,61
314.593,240,280,282.0,11,-5,0,61
314.707,230,273,276.0,11,-4,-1,61
314.813,230,275,269.0,12,-4,-1,61
314.929,230,276,274.0,12,-4,-1,61
315.030,230,270,263.0,12,-3,0,61
315.137,230,270,263.0,12,-3,0,61
315.252,230,270,270.0,12,-3,0,61
315.364,230,270,266.0,12,-3,0,61
315.471,230,272,266.0,12,-3,0,61
315.578,230,277,261.0,12,-3,0,61
315.681,230,279,281.0,12,-4,0,61
315.786,230,276,257.0,12,-4,0,61
315.893,230,274,252.0,12,-4,0,61
315.996,240,275,258.0,12,-4,0,61
316.102,240,275,260.0,12,-4,0,61
316.213,240,275,260.0,12,-4,0,61
316.322,240,276,261.0,12,-4,0,61
316.429,230,261,246.0,12,-4,0,61
316.536,230,263,260.0,12,-4,1,61
316.642,230,267,260.0,12,-5,1,61
316.747,230,271,249.0,12,-5,1,61
316.854,230,277,259.0,12,-5,0,61
316.955,230,278,250.0,12,-5,0,61
317.057,230,279,247.0,12,-5,1,60
317.165,230,282,255.0,12,-5,1,60
317.271,230,285,254.0,12,-5,0,60
317.376,240,279,249.0,12,-3,0,60
317.481,240,282,251.0,12,-1,-2,60
317.589,240,282,251.0,12,-1,-2,60
317.698,240,282,255.0,12,0,-2,60
317.813,240,287,265.0,12,0,-2,60
317.920,240,284,263.0,12,2,-1,60
318.030,240,277,263.0,12,2,-1,60
318.137,240,276,281.0,12,1,0,60
318.242,240,268,270.0,12,1,0,60
318.343,240,266,269.0,12,1,0,60
318.447,240,266,269.0,12,1,0,60
318.563,230,266,270.0,12,6,0,60
318.678,230,270,278.0,12,7,0,60
318.794,220,269,276.0,12,7,0,60
318.902,220,264,281.0,12,6,0,60
319.005,220,264,283.0,12,4,0,60
319.112,230,276,287.0,12,0,0,60
319.213,230,276,287.0,12,0,0,60
319.322,230,276,287.0,12,0,0,60
319.425,230,286,285.0,12,-1,0,60
319.542,230,289,288.0,12,-1,0,60
319.647,240,286,290.0,11,-2,0,60
319.756,240,291,290.0,11,-1,1,60
319.864,240,291,290.0,11,-1,1,60
319.978,240,292,295.0,12,-1,1,60
320.082,240,296,292.0,11,-3,1,60
320.185,240,289,289.0,11,-2,1,60
320.300,240,286,290.0,12,0,1,60
320.407,240,291,291.0,12,0,1,60
320.513,240,289,282.0,12,0,1,60
320.625,240,287,292.0,12,0,1,60
320.737,240,288,285.0,12,1,1,60
320.849,240,285,283.0,12,2,1,60
320.963,240,285,283.0,12,2,1,60
321.070,240,285,283.0,12,2,1,60
321.181,240,273,277.0,12,3,1,60
321.285,240,273,277.0,12,3,1,60
321.388,230,273,274.0,12,3,1,60
321.499,230,273,274.0,12,3,1,60
321.604,230,273,274.0,12,3,1,60
321.705,230,273,274.0,12,3,1,60
321.805,210,240,243.0,11,3,1,60
321.918,210,240,243.0,11,3,1,60
322.031,200,218,234.0,11,4,0,60
322.143,200,218,234.0,11,4,0,60
322.255,190,204,235.0,11,4,0,60
322.367,150,168,205.0,12,5,-1,60
322.479,140,157,199.0,12,4,-1,60
322.591,140,157,199.0,12,4,-1,60
322.703,120,135,180.0,12,4,-1,60
322.815,120,135,180.0,12,4,-1,60
322.927,100,114,157.0,12,4,-1,60
323.040,100,114,157.0,12,4,-1,60
323.153,100,114,157.0,12,4,-1,60
323.264,70,87,141.0,12,1,0,60
323.375,60,80,141.0,12,2,0,60
323.488,60,80,141.0,12,2,0,60
323.600,40,68,114.0,12,2,0,60
323.712,30,59,116.0,12,2,0,60
323.824,30,56,110.0,12,2,0,60
323.935,20,52,101.0,12,2,0,60
324.048,20,52,101.0,12,2,0,60
324.160,20,48,96.0,12,2,0,60
324.273,10,40,98.0,12,2,0,60
324.385,10,34,93.0,12,2,0,60
324.497,0,29,81.0,12,2,0,60
324.609,0,20,80.0,12,2,0,60
324.720,0,21,80.0,12,2,0,60
324.833,-10,14,50.0,12,2,0,60
324.945,-10,10,-2.0,12,2,0,60
325.058,-10,10,-86.0,12,2,0,59
325.171,-10,10,-86.0,12,2,0,59
325.283,-20,10,-253.0,12,1,0,59
325.395,-20,10,-253.0,12,1,0,59
325.507,-20,10,-253.0,12,1,0,59
325.620,-20,10,-163.0,13,0,0,59
325.732,-20,10,-87.0,14,0,0,59
325.845,-20,10,-87.0,14,0,0,59
325.958,-20,10,-45.0,14,0,0,59
326.070,-20,10,-45.0,14,0,0,59
326.181,-20,10,-45.0,14,0,0,59
326.293,0,10,-7.0,14,0,0,59
326.405,0,10,-7.0,14,0,0,59
326.518,0,10,-7.0,14,0,0,59
326.630,0,10,28.0,14,0,0,59
326.743,0,10,28.0,14,0,0,59
326.855,0,10,31.0,14,0,0,59
326.967,0,10,31.0,14,0,0,59
327.079,0,10,31.0,14,0,0,59
327.191,0,10,32.0,14,0,0,59
327.303,0,10,32.0,14,0,0,59
327.415,0,10,40.0,14,0,0,59
327.523,0,10,39.0,14,0,0,59
327.627,0,10,33.0,14,0,0,59
