t_rel,lr,fb,ud,yaw,height_cm,yaw_deg
0.212,0,0,0,0,0,0
0.264,0,0,0,0,0,0
0.293,0,0,0,0,0,0
0.318,0,0,0,0,0,0
0.342,0,0,0,0,0,0
0.373,0,0,0,0,0,0
0.405,0,0,0,0,0,0
0.421,0,0,0,0,0,0
0.426,0,0,0,0,0,0
0.455,0,0,0,0,0,0
0.469,0,0,0,0,0,0
0.485,0,0,0,0,0,0
0.500,0,0,0,0,0,0
0.516,0,0,0,0,0,0
0.532,0,0,0,0,0,0
0.548,0,0,0,0,0,0
0.564,0,0,0,0,0,0
0.580,0,0,0,0,0,0
0.596,0,0,0,0,0,0
0.612,0,0,0,0,0,0
0.628,0,0,0,0,0,0
0.644,0,0,0,0,0,0
0.660,0,0,0,0,0,0
0.676,0,0,0,0,0,0
0.683,0,0,0,0,0,0
0.708,0,0,0,0,0,0
0.724,0,0,0,0,0,0
0.740,0,0,0,0,0,0
0.757,0,0,0,0,0,0
0.772,0,0,0,0,0,0
0.791,0,0,0,0,0,0
0.804,0,0,0,0,0,0
0.820,0,0,0,0,0,0
0.844,0,0,0,0,0,0
0.857,0,0,0,0,0,0
0.876,0,0,0,0,0,0
0.892,0,0,0,0,0,0
0.908,0,0,0,0,0,0
0.924,0,0,0,0,0,0
0.940,0,0,0,0,0,0
0.960,0,0,0,0,0,0
0.988,0,0,0,0,0,0
0.996,0,0,0,0,0,0
1.012,0,0,0,0,0,0
1.028,0,0,0,0,0,0
1.044,0,0,0,0,0,0
1.060,0,0,0,0,0,0
1.075,0,0,0,0,0,0
1.091,0,0,0,0,0,0
1.108,0,0,0,0,0,0
1.124,0,0,0,0,0,0
1.140,0,0,0,0,0,0
1.156,0,0,0,0,0,0
1.172,0,0,0,0,0,0
1.187,0,0,0,0,0,0
1.197,0,0,0,0,0,0
1.212,0,0,0,0,0,0
1.227,0,0,0,0,0,0
1.243,0,0,0,0,0,0
1.262,0,0,0,0,0,0
1.290,0,0,0,0,0,0
1.306,0,0,0,0,0,0
1.322,0,0,0,0,0,0
1.338,0,0,0,0,0,0
1.354,0,0,0,0,0,0
1.379,0,0,0,0,0,0
1.395,0,0,0,0,0,0
1.410,0,0,0,0,0,0
1.426,0,0,0,0,0,0
1.442,0,0,0,0,0,0
1.474,0,0,0,0,0,0
1.490,0,0,0,0,0,0
1.498,0,0,0,0,0,0
1.512,0,0,0,0,0,0
1.530,0,0,0,0,0,0
1.545,0,0,0,0,0,0
1.550,0,0,0,0,0,0
1.577,0,0,0,0,0,0
1.593,0,0,0,0,0,0
1.610,0,0,0,0,0,0
1.626,0,0,0,0,0,0
1.642,0,0,0,0,0,0
1.657,0,0,0,0,0,0
1.663,0,0,0,0,0,0
1.689,0,0,0,0,0,0
1.705,0,0,0,0,0,0
1.721,0,0,0,0,0,0
1.737,0,0,0,0,0,0
1.750,0,0,0,0,0,0
1.759,0,0,0,0,0,0
1.776,0,0,0,0,0,0
1.785,0,0,0,0,0,0
1.802,0,0,0,0,0,0
1.818,0,0,0,0,0,0
1.834,0,0,0,0,0,0
1.849,0,0,0,0,0,0
1.865,0,0,0,0,0,0
1.881,0,0,0,0,0,0
1.897,0,0,0,0,0,0
1.912,0,0,0,0,0,0
1.928,0,0,0,0,0,0
1.944,0,0,0,0,0,0
1.962,0,0,0,0,0,0
1.976,0,0,0,0,0,0
1.992,0,0,0,0,0,0
2.008,0,0,0,0,0,0
2.024,0,0,0,0,0,0
2.035,0,0,0,0,0,0
2.056,0,0,0,0,0,0
2.061,0,0,0,0,0,0
2.087,0,0,0,0,0,0
2.103,0,0,0,0,0,0
2.119,0,0,0,0,0,0
2.135,0,0,0,0,0,0
2.151,0,0,0,0,0,0
2.166,0,0,0,0,0,0
2.182,0,0,0,0,0,0
2.198,0,0,0,0,0,0
2.214,0,0,0,0,0,0
2.230,0,0,0,0,0,0
2.246,0,0,0,0,0,0
2.262,0,0,0,0,0,0
2.278,0,0,0,0,0,0
2.294,0,0,0,0,0,0
2.310,0,0,0,0,0,0
2.342,0,0,0,0,0,0
2.347,0,0,0,0,0,0
2.373,0,0,0,0,0,0
2.389,0,0,0,0,0,0
2.405,0,0,0,0,0,0
2.421,0,0,0,0,0,0
2.437,0,0,0,0,0,0
2.453,0,0,0,0,0,0
2.469,0,0,0,0,0,0
2.485,0,0,0,0,0,0
2.501,0,0,0,0,0,0
2.516,0,0,0,0,0,0
2.531,0,0,0,0,0,0
2.543,0,0,0,0,0,0
2.564,0,0,0,0,0,0
2.579,0,0,0,0,0,0
2.596,0,0,0,0,0,0
2.612,0,0,0,0,0,0
2.627,0,0,0,0,0,0
2.643,0,0,0,0,0,0
2.659,0,0,0,0,0,0
2.675,0,0,0,0,0,0
2.691,0,0,0,0,0,0
2.707,0,0,0,0,0,0
2.723,0,0,0,0,0,0
2.739,0,0,0,0,0,0
2.754,0,0,0,0,0,0
2.770,0,0,0,0,0,0
2.786,0,0,0,0,0,0
2.801,0,0,0,0,0,0
2.834,0,0,0,0,0,0
2.850,0,0,0,0,0,0
2.866,0,0,0,0,0,0
2.882,0,0,0,0,0,0
2.898,0,0,0,0,0,0
2.914,0,0,0,0,0,0
2.929,0,0,0,0,0,0
2.945,0,0,0,0,0,0
2.961,0,0,0,0,0,0
2.977,0,0,0,0,0,0
2.993,0,0,0,0,0,0
3.008,0,0,0,0,0,0
3.025,0,0,0,0,0,0
11.901,0,0,0,0,80,0
11.957,0,0,0,0,80,0
11.975,0,0,0,0,80,0
11.989,0,0,0,0,80,0
12.005,0,0,0,0,80,0
12.021,0,0,0,0,80,0
12.037,0,0,0,0,80,0
12.053,0,0,0,0,80,0
12.069,0,0,0,0,80,0
12.085,0,0,0,0,80,0
12.101,0,0,0,0,80,0
12.117,0,0,0,0,80,0
12.133,0,0,0,0,80,0
12.148,0,0,0,0,80,0
12.164,0,0,0,0,80,0
12.196,0,0,0,0,80,0
12.211,0,0,0,0,80,0
12.227,0,0,0,0,80,0
12.243,0,0,0,0,80,0
12.248,0,0,0,0,80,0
12.274,0,0,0,0,80,0
12.290,0,0,0,0,80,0
12.306,0,0,0,0,80,0
12.322,0,0,0,0,80,0
12.338,0,0,0,0,80,0
12.354,0,0,0,0,80,0
12.370,0,0,0,0,80,0
12.386,0,0,0,0,80,0
12.402,0,0,0,0,80,0
12.418,0,0,0,0,80,0
12.434,0,0,0,0,80,0
12.450,0,0,0,0,80,0
12.466,0,0,0,0,80,0
12.482,0,0,0,0,80,0
12.498,0,0,0,0,80,0
12.514,0,0,0,0,80,0
12.530,0,0,0,0,80,0
12.546,0,0,0,0,80,0
12.562,0,0,0,0,80,0
12.577,0,0,0,0,80,0
12.593,0,0,0,0,80,0
12.610,0,0,0,0,80,0
12.626,0,0,0,0,80,0
12.642,0,0,0,0,80,0
12.659,0,0,0,0,80,0
12.673,0,0,0,0,80,0
12.706,0,0,0,0,80,0
12.721,0,0,0,0,80,0
12.737,0,0,0,0,80,0
12.754,0,0,0,0,80,0
12.769,0,0,0,0,80,0
12.785,0,0,0,0,80,0
12.799,0,0,0,0,80,0
12.817,0,0,0,0,80,0
12.833,0,0,0,0,80,0
12.849,0,0,0,0,80,0
12.866,0,0,0,0,80,0
12.882,0,0,0,0,80,0
12.899,0,0,0,0,80,0
12.914,0,0,0,0,80,0
12.930,0,0,0,0,80,0
12.946,0,0,0,0,80,0
12.978,0,0,0,0,80,0
12.994,0,0,0,0,80,0
13.010,0,0,0,0,80,0
13.024,0,0,0,0,80,0
13.042,0,0,0,0,80,0
13.058,0,0,0,0,80,0
13.073,0,0,0,0,80,0
13.089,0,0,0,0,80,0
13.105,0,0,0,0,80,0
13.121,0,0,0,0,80,0
13.137,0,0,0,0,80,0
13.153,0,0,0,0,80,0
13.169,0,0,0,0,80,0
13.185,0,0,0,0,80,0
13.201,0,0,0,0,80,0
13.218,0,0,0,0,80,0
13.233,0,0,0,0,90,0
13.250,0,0,0,0,90,0
13.267,0,0,0,0,90,0
13.281,0,0,0,0,90,0
13.298,0,0,0,0,90,0
13.313,0,0,0,0,90,0
13.329,0,0,0,0,90,0
13.345,0,0,0,0,90,0
13.351,0,0,0,0,90,0
13.376,0,0,0,0,90,0
13.392,0,0,0,0,90,0
13.409,0,0,0,0,90,0
13.424,0,0,0,0,90,0
13.441,0,0,0,0,90,0
13.456,0,0,0,0,90,0
13.473,0,0,0,0,90,0
13.490,0,0,0,0,90,0
13.504,0,0,0,0,90,0
13.519,0,0,0,0,90,0
13.525,0,0,0,0,90,0
13.551,0,0,0,0,90,0
13.567,0,0,0,0,90,0
13.584,0,0,0,0,90,0
13.599,0,0,0,0,90,0
13.630,0,0,0,0,90,0
13.635,0,0,0,0,90,0
13.663,0,0,0,0,90,0
13.678,0,0,0,0,90,0
13.694,0,0,0,0,90,0
13.710,0,0,0,0,90,0
13.726,0,0,0,0,90,0
13.742,0,0,0,0,90,0
13.758,0,0,0,0,90,0
13.775,0,0,0,0,90,0
13.790,0,0,0,0,90,0
13.822,0,0,0,0,90,0
13.838,0,0,0,0,90,0
13.855,0,0,0,0,90,0
13.871,0,0,0,0,90,0
13.887,0,0,0,0,90,0
13.905,0,0,0,0,90,0
13.919,0,0,0,0,90,0
13.935,0,0,0,0,90,0
13.951,0,0,0,0,90,0
13.966,0,0,0,0,90,0
13.984,0,0,0,0,90,0
13.998,0,0,0,0,90,0
14.014,0,0,0,0,90,0
14.030,0,0,0,0,90,0
14.046,0,0,0,0,90,0
14.062,0,0,0,0,90,0
14.078,0,0,0,0,90,0
14.094,0,0,0,0,90,0
14.110,0,0,0,0,90,0
14.143,0,0,0,0,90,0
14.156,0,0,0,0,90,0
14.175,0,0,0,0,90,0
14.191,0,0,0,0,90,0
14.207,0,0,0,0,90,0
14.223,0,0,0,0,90,0
14.239,0,0,0,0,90,0
14.255,0,0,0,0,90,0
14.271,0,0,0,0,90,0
14.287,0,0,0,0,90,0
14.303,0,0,0,0,90,0
14.319,0,0,0,0,90,0
14.335,0,0,0,0,90,0
14.351,0,0,0,0,90,0
14.383,0,0,0,0,80,0
14.388,0,0,0,0,80,0
14.415,0,0,0,0,80,0
14.430,0,0,0,0,80,0
14.440,0,0,0,0,80,0
14.463,0,0,0,0,80,0
14.478,0,0,0,0,80,0
14.486,0,0,0,0,80,0
14.494,0,0,0,0,80,0
14.510,0,0,0,0,80,0
14.535,0,0,0,0,80,0
14.545,0,0,0,0,80,0
14.562,0,0,0,0,80,0
14.579,0,0,0,0,80,0
14.596,0,0,0,0,80,0
14.613,0,0,0,0,80,0
14.621,0,0,0,0,80,0
14.641,0,0,0,0,80,0
14.653,0,0,0,0,80,0
14.662,0,0,0,0,80,0
14.675,0,0,0,0,80,0
14.687,0,0,0,0,80,0
14.704,0,0,0,0,80,0
14.712,0,0,0,0,80,0
14.728,0,0,0,0,80,0
14.753,0,0,0,0,80,0
14.766,0,0,0,0,80,0
14.778,0,0,0,0,80,0
14.795,0,0,0,0,80,0
14.810,0,0,0,0,80,0
14.826,0,0,0,0,80,0
14.842,0,0,0,0,80,0
14.858,0,0,0,0,80,0
14.875,0,0,0,0,80,0
14.879,0,0,0,0,80,0
14.906,0,0,0,0,80,0
14.912,0,0,0,0,80,0
14.938,0,0,0,0,80,0
14.954,0,0,0,0,80,0
14.968,0,0,0,0,80,0
14.986,0,0,0,0,80,0
15.002,0,0,0,0,80,0
15.020,0,0,0,0,80,0
15.034,0,0,0,0,80,0
15.049,0,0,0,0,80,0
15.065,0,0,0,0,80,0
15.072,0,0,0,0,80,0
15.080,0,0,0,0,80,0
15.096,0,0,0,0,80,0
15.112,0,0,0,0,80,0
15.128,0,0,0,0,80,0
15.144,0,0,0,0,80,0
15.160,0,0,0,0,80,0
15.176,0,0,0,0,80,0
15.192,0,0,0,0,80,0
15.207,0,0,0,0,80,0
15.223,0,0,0,0,80,0
15.239,0,0,0,0,80,0
15.254,0,0,0,0,80,0
15.270,0,0,0,0,80,0
15.286,0,0,0,0,80,0
15.302,0,0,0,0,80,0
15.318,0,0,0,0,80,0
15.333,0,0,0,0,80,0
15.365,0,0,0,0,80,0
15.381,0,0,0,0,80,0
15.397,0,0,0,0,80,0
15.413,0,0,0,0,80,0
15.429,0,0,0,0,80,0
15.434,0,0,0,0,80,0
15.461,0,0,0,0,80,0
15.466,0,0,0,0,80,0
15.492,0,0,0,0,80,0
15.508,0,0,0,0,80,0
15.524,0,0,0,0,80,0
15.540,0,0,0,0,80,0
15.554,0,0,0,0,80,0
15.572,0,0,0,0,80,0
15.588,0,0,0,0,80,0
15.604,0,0,0,0,80,0
15.620,0,0,0,0,80,0
15.636,0,0,0,0,80,0
15.652,0,0,0,0,80,0
15.669,0,0,0,0,80,0
15.685,0,0,0,0,80,0
15.701,0,0,0,0,80,0
15.717,0,0,0,0,80,0
15.734,0,0,0,0,80,0
15.749,0,0,0,0,80,0
15.771,0,0,0,0,80,0
15.781,0,0,0,0,80,0
15.797,0,0,0,0,80,0
15.813,0,0,0,0,80,0
15.897,0,0,0,0,80,0
15.924,0,0,0,0,80,0
15.939,0,0,0,0,80,0
15.955,0,0,0,0,80,0
15.971,0,0,0,0,80,0
15.987,0,0,0,0,80,0
15.992,0,0,0,0,80,0
16.019,0,0,0,0,80,0
16.035,0,0,0,0,80,0
16.048,0,0,0,0,80,0
16.064,0,0,0,0,80,0
16.083,0,0,0,0,80,0
16.096,0,0,0,0,80,0
16.114,0,0,0,0,80,0
16.130,0,0,0,0,80,0
16.146,0,0,0,0,80,0
16.162,0,0,0,0,80,0
16.176,0,0,0,0,80,0
16.187,0,0,0,0,80,0
16.209,0,0,0,0,80,0
16.241,0,0,0,0,80,0
16.257,0,0,0,0,80,0
16.273,0,0,0,0,80,0
16.289,0,0,0,0,80,0
16.294,0,0,0,0,80,0
16.321,0,0,0,0,80,0
16.339,0,0,0,0,80,0
16.353,0,0,0,0,80,0
16.369,0,0,0,0,80,0
16.385,0,0,0,0,80,0
16.400,0,0,0,0,80,0
16.416,0,0,0,0,80,0
16.425,0,0,0,0,80,0
16.449,0,0,0,0,80,0
16.464,0,0,0,0,80,0
16.481,0,0,0,0,80,0
16.496,0,0,0,0,80,0
16.512,0,0,0,0,80,0
16.528,0,0,0,0,80,0
16.544,0,0,0,0,80,0
16.560,0,0,0,0,80,0
16.576,0,0,0,0,80,0
16.608,0,0,0,0,80,0
16.624,0,0,0,0,80,0
16.640,0,0,0,0,80,0
16.656,0,0,0,0,80,0
16.672,0,0,0,0,80,0
16.688,0,0,0,0,80,0
16.704,0,0,0,0,80,0
16.719,0,0,0,0,80,0
16.734,0,0,0,0,80,0
16.751,0,0,0,0,80,0
16.766,0,0,0,0,80,0
16.779,0,0,0,0,80,0
16.797,0,0,0,0,80,0
16.803,0,0,0,0,80,0
16.825,0,0,0,0,80,0
16.847,0,0,0,0,80,0
16.861,0,0,0,0,80,0
16.877,0,0,0,0,80,0
16.886,0,0,0,0,80,0
16.903,0,0,0,0,70,0
16.925,0,0,0,0,70,0
16.941,0,0,0,0,70,0
16.957,0,0,0,0,70,0
16.973,0,0,0,0,70,0
16.990,0,0,0,0,70,0
17.006,0,0,0,0,70,0
17.021,0,0,0,0,70,0
17.039,0,0,0,0,70,0
17.053,0,0,0,0,70,0
17.069,0,0,0,0,70,0
17.084,0,0,0,0,70,0
17.095,0,0,0,0,70,0
17.117,0,0,0,0,80,0
17.133,0,0,0,0,80,0
17.149,0,0,0,0,80,0
17.165,0,0,0,0,80,0
17.181,0,0,0,0,80,0
17.197,0,0,0,0,80,0
17.213,0,0,0,0,80,0
17.225,0,0,0,0,80,0
17.245,0,0,0,0,80,0
17.261,0,0,0,0,80,0
17.293,0,0,0,0,80,0
17.309,0,0,0,0,80,0
17.325,0,0,0,0,80,0
17.341,0,0,0,0,80,0
17.357,0,0,0,0,80,0
17.374,0,0,0,0,80,0
17.389,0,0,0,0,80,0
17.405,0,0,0,0,80,0
17.421,0,0,0,0,80,0
17.428,0,0,0,0,80,0
17.453,0,0,0,0,80,0
17.469,0,0,0,0,80,0
17.485,0,0,0,0,80,0
17.501,0,0,0,0,80,0
17.517,0,0,0,0,80,0
17.533,0,0,0,0,80,0
17.550,0,0,0,0,80,0
17.565,0,0,0,0,80,0
17.581,0,0,0,0,80,0
17.596,0,0,0,0,80,0
17.617,0,0,0,0,80,0
17.637,0,0,0,0,80,0
17.650,0,0,0,0,80,0
17.675,0,0,0,0,80,0
17.690,0,0,0,0,80,0
17.706,0,0,0,0,80,0
17.718,0,0,0,0,80,0
17.738,0,0,0,0,80,0
17.754,0,0,0,0,80,0
17.770,0,0,0,0,80,0
17.787,0,0,0,0,80,0
17.801,0,0,0,0,80,0
17.817,0,0,0,0,80,0
17.833,0,0,0,0,80,0
17.865,0,0,0,0,80,0
17.897,0,0,0,0,80,0
17.909,0,0,0,0,80,0
17.928,0,0,0,0,80,0
17.947,0,0,0,0,80,0
17.975,0,0,0,0,80,0
17.991,0,0,0,0,80,0
18.007,0,0,0,0,80,0
18.022,0,0,0,0,80,0
18.039,0,0,0,0,80,0
18.054,0,0,0,0,80,0
18.070,0,0,0,0,80,0
18.086,0,0,0,0,80,0
18.102,0,0,0,0,80,0
18.118,0,0,0,0,80,0
18.128,0,0,0,0,80,0
18.149,0,0,0,0,80,0
18.165,0,0,0,0,80,0
18.181,0,0,0,0,80,0
18.197,0,0,0,0,80,0
18.213,0,0,0,0,80,0
18.229,0,0,0,0,80,0
18.245,0,0,0,0,80,0
18.261,0,0,0,0,80,0
18.277,0,0,0,0,80,0
18.293,0,0,0,0,80,0
18.309,0,0,0,0,80,0
18.325,0,0,0,0,80,0
18.340,0,0,0,0,80,0
18.372,0,0,0,0,80,0
18.388,0,0,0,0,80,0
18.403,0,0,0,0,80,0
18.419,0,0,0,0,80,0
18.435,0,0,0,0,80,0
18.451,0,0,0,0,80,0
18.467,0,0,0,0,80,0
18.483,0,0,0,0,80,0
18.499,0,0,0,0,80,0
18.515,0,0,0,0,80,0
18.531,0,0,0,0,80,0
18.536,0,0,0,0,80,0
18.563,0,0,0,0,80,0
18.579,0,0,0,0,80,0
18.595,0,0,0,0,80,0
18.612,0,0,0,0,80,0
18.626,0,0,0,0,80,0
18.642,0,0,0,0,80,0
18.674,0,0,0,0,80,0
18.690,0,0,0,0,80,0
18.706,0,0,0,0,80,0
18.722,0,0,0,0,80,0
18.738,0,0,0,0,80,0
18.754,0,0,0,0,80,0
18.772,0,0,0,0,80,0
18.786,0,0,0,0,80,0
18.802,0,0,0,0,90,0
18.820,0,0,0,0,90,0
18.830,0,0,0,0,90,0
18.845,0,0,0,0,90,0
18.860,0,0,0,0,90,0
18.880,0,0,0,0,90,0
18.899,0,0,0,0,90,0
18.931,0,0,0,0,90,0
18.947,0,0,0,0,90,0
18.963,0,0,0,0,90,0
18.978,0,0,0,0,90,0
18.995,0,0,0,0,90,0
19.011,0,0,0,0,90,0
19.043,0,0,0,0,80,0
19.059,0,0,0,0,80,0
19.075,0,0,0,0,80,0
19.091,0,0,0,0,80,0
19.107,0,0,0,0,80,0
19.123,0,0,0,0,80,0
19.139,0,0,0,0,80,0
19.154,0,0,0,0,80,0
19.170,0,0,0,0,80,0
19.185,0,0,0,0,80,0
19.201,0,0,0,0,80,0
19.215,0,0,0,0,80,0
19.230,0,0,0,0,80,0
19.249,0,0,0,0,80,0
19.299,0,0,0,0,80,0
19.360,0,0,0,0,80,0
19.408,0,0,0,0,80,0
19.472,0,0,0,0,80,0
19.538,0,0,0,0,80,0
19.600,0,0,0,0,80,0
19.651,0,0,0,0,80,0
19.723,0,0,0,0,80,0
19.776,0,0,0,0,80,0
19.840,0,0,0,0,80,0
19.895,0,0,0,0,80,0
19.957,0,0,0,0,80,0
20.015,0,0,0,0,80,0
20.063,0,0,0,0,80,0
20.122,0,0,0,0,80,0
20.180,0,0,0,0,80,0
20.254,0,0,0,0,80,0
20.302,0,0,0,0,80,0
20.363,0,0,0,0,80,0
20.431,0,0,0,0,80,0
21.226,0,0,0,0,80,0
21.257,0,0,0,0,80,0
21.271,0,0,0,0,80,0
21.287,0,0,0,0,80,0
21.303,0,0,0,0,80,0
21.319,0,0,0,0,80,0
21.335,0,0,0,0,80,0
21.351,0,0,0,0,80,0
21.367,0,0,0,0,80,0
21.383,0,0,0,0,80,0
21.399,0,0,0,0,80,0
21.415,0,0,0,0,80,0
21.431,0,0,0,0,80,0
21.440,0,0,0,0,80,0
21.455,0,0,0,0,80,0
21.464,0,0,0,0,80,0
21.473,0,0,0,0,80,0
21.488,0,0,0,0,80,0
21.506,0,0,0,0,80,0
21.529,0,0,0,0,80,0
21.539,0,0,0,0,80,0
21.546,0,0,0,0,80,0
21.563,0,0,0,0,80,0
21.575,0,0,0,0,80,0
21.595,0,0,0,0,80,0
21.608,0,0,0,0,80,0
21.627,0,0,0,0,80,0
21.643,0,0,0,0,80,0
21.659,0,0,0,0,80,0
21.675,0,0,0,0,80,0
21.691,0,0,0,0,90,0
21.707,0,0,0,0,90,0
21.723,0,0,0,0,90,0
21.739,0,0,0,0,90,0
21.755,0,0,0,0,90,0
21.771,0,0,0,0,90,0
21.787,0,0,0,0,90,0
21.802,0,0,0,0,90,0
21.812,0,0,0,0,90,0
21.829,0,0,0,0,90,0
21.843,0,0,0,0,90,0
21.858,0,0,0,0,90,0
21.874,0,0,0,0,90,0
21.890,0,0,0,0,90,0
21.905,0,0,0,0,90,0
21.921,0,0,0,0,90,0
21.937,0,0,0,0,90,0
21.946,0,0,0,0,90,0
21.964,0,0,0,0,90,0
21.977,0,0,0,0,90,0
21.993,0,0,0,0,90,0
22.008,0,0,0,0,90,0
22.040,0,0,0,0,90,0
22.057,0,0,0,0,90,0
22.073,0,0,0,0,90,0
22.089,0,0,0,0,90,0
22.105,0,0,0,0,90,0
22.121,0,0,0,0,90,0
22.145,0,0,0,0,90,0
22.160,0,0,0,0,90,0
22.176,0,0,0,0,90,0
22.192,0,0,0,0,90,0
22.209,0,0,0,0,90,0
22.225,0,0,0,0,90,0
22.257,0,0,0,0,90,0
22.273,0,0,0,0,90,0
22.288,0,0,0,0,90,0
22.296,0,0,0,0,90,0
22.314,0,0,0,0,90,0
22.336,0,0,0,0,90,0
22.355,0,0,0,0,90,0
22.370,0,0,0,0,90,0
22.396,0,0,0,0,90,0
22.420,0,0,0,0,90,0
22.438,0,0,0,0,90,0
22.445,0,0,0,0,90,0
22.460,0,0,0,0,90,0
22.479,0,0,0,0,90,0
22.494,0,0,0,0,90,0
22.510,0,0,0,0,90,0
22.527,0,0,0,0,90,0
22.541,0,0,0,0,90,0
22.562,0,0,0,0,90,0
22.577,0,0,0,0,90,0
22.585,0,0,0,0,90,0
22.595,0,0,0,0,90,0
22.610,0,0,0,0,90,0
22.618,0,0,0,0,90,0
22.629,0,0,0,0,90,0
22.646,0,0,0,0,90,0
22.659,0,0,0,0,90,0
22.676,0,0,0,0,90,0
22.689,0,0,0,0,90,0
22.700,0,0,0,0,90,0
22.713,0,0,0,0,90,0
22.729,0,0,0,0,90,0
22.737,0,0,0,0,90,0
22.753,0,0,0,0,90,0
22.770,0,0,0,0,90,0
22.779,0,0,0,0,90,0
22.792,0,0,0,0,90,0
22.798,0,0,0,0,90,0
22.805,0,0,0,0,90,0
22.815,0,0,0,0,90,0
22.823,0,0,0,0,90,0
22.838,0,0,0,0,90,0
22.860,0,0,0,0,90,0
22.878,0,0,0,0,90,0
22.895,0,0,0,0,90,0
22.911,0,0,0,0,90,0
22.927,0,0,0,0,90,0
22.943,0,0,0,0,90,0
22.959,0,0,0,0,90,0
22.975,0,0,0,0,90,0
22.991,0,0,0,0,90,0
23.007,0,0,0,0,90,0
23.019,0,0,0,0,90,0
23.030,0,0,0,0,90,0
23.046,0,0,0,0,90,0
23.061,0,0,0,0,90,0
23.068,0,0,0,0,90,0
23.077,0,0,0,0,90,0
23.086,0,0,0,0,80,0
23.102,0,0,0,0,80,0
23.130,0,0,0,0,80,0
23.169,0,0,0,0,80,0
23.223,0,0,0,0,80,0
23.282,0,0,0,0,80,0
23.332,0,0,0,0,80,0
23.378,0,0,0,0,80,0
23.434,0,0,0,0,80,0
23.499,0,0,0,0,80,0
23.545,0,0,0,0,80,0
23.602,0,0,0,0,80,0
23.655,0,0,0,0,90,0
23.703,0,0,0,0,90,0
23.750,0,0,0,0,80,0
23.798,0,0,0,0,80,0
23.846,0,0,0,0,80,0
23.881,0,0,0,0,80,0
23.913,0,0,0,0,80,0
23.957,0,0,0,0,80,0
24.005,0,0,0,0,80,0
24.063,0,0,0,0,80,0
24.113,0,0,0,0,80,0
24.153,0,0,0,0,80,0
24.210,0,0,0,0,80,0
24.253,0,0,0,0,80,0
24.312,0,0,0,0,80,0
24.362,0,0,0,0,80,0
24.418,0,0,0,0,80,0
24.446,0,0,0,0,80,0
24.478,0,0,0,0,80,0
24.497,0,0,0,0,80,0
24.546,0,0,0,0,80,0
24.589,0,0,0,0,90,0
24.649,0,0,0,0,90,0
24.694,0,0,0,0,90,0
24.746,0,0,0,0,90,0
24.797,0,0,0,0,90,0
24.833,0,0,0,0,90,0
24.880,0,0,0,0,90,0
24.937,0,0,0,0,90,0
24.981,0,0,0,0,90,0
25.020,0,0,0,0,90,0
25.071,0,0,0,0,90,0
25.129,0,0,0,0,90,0
25.180,0,0,0,0,90,0
25.219,0,0,0,0,90,0
25.263,0,0,0,0,90,0
25.279,0,0,0,0,90,0
25.294,0,0,0,0,90,0
25.312,0,0,0,0,90,0
25.363,0,0,0,0,80,0
25.405,0,0,0,0,80,0
25.432,0,0,0,0,80,0
25.462,0,0,0,0,80,0
25.480,0,0,0,0,80,0
25.495,0,0,0,0,80,0
25.539,0,0,0,0,80,0
25.597,0,0,0,0,80,0
25.637,0,0,0,0,80,0
25.684,0,0,0,0,80,0
25.729,0,0,0,0,80,0
25.779,0,0,0,0,80,0
25.806,0,0,0,0,80,0
25.846,0,0,0,0,80,0
25.894,0,0,0,0,80,0
25.929,0,0,0,0,80,0
25.947,0,0,0,0,80,0
25.962,0,0,0,0,80,0
26.019,0,0,0,0,80,0
26.069,0,0,0,0,80,0
26.129,0,0,0,0,80,0
26.179,0,0,0,0,80,0
26.232,0,0,0,0,80,0
26.282,0,0,0,0,80,0
26.316,0,0,0,0,80,0
26.354,0,0,0,0,80,0
26.380,0,0,0,0,80,0
26.446,0,0,0,0,80,0
26.479,0,0,0,0,80,0
26.525,0,0,0,0,80,0
26.570,0,0,0,0,80,0
26.598,0,0,0,0,80,0
26.629,0,0,0,0,80,0
26.637,0,0,0,0,80,0
26.680,0,0,0,0,80,0
26.713,0,0,0,0,80,0
26.765,0,0,0,0,80,0
26.813,0,0,0,0,80,0
26.862,0,0,0,0,80,0
26.905,0,0,0,0,80,0
26.953,0,0,0,0,80,0
26.997,0,0,0,0,80,0
27.044,0,0,0,0,80,0
27.083,0,0,0,0,80,0
27.124,0,0,0,0,80,0
27.145,0,0,0,0,80,0
27.166,0,0,0,0,80,0
27.197,0,0,0,0,80,0
27.214,0,0,0,0,80,0
27.230,0,0,0,0,80,0
27.276,0,0,0,0,80,0
27.308,0,0,0,0,80,0
27.357,0,0,0,0,80,0
27.404,0,0,0,0,80,0
27.463,0,0,0,0,80,0
27.497,0,0,0,0,80,0
27.531,0,0,0,0,80,0
27.556,0,0,0,0,80,0
27.572,0,0,0,0,80,0
27.597,0,0,0,0,80,0
27.639,0,0,0,0,80,0
27.662,0,0,0,0,80,0
27.704,0,0,0,0,80,0
27.752,0,0,0,0,80,0
27.796,0,0,0,0,80,0
27.862,0,0,0,0,80,0
27.910,0,0,0,0,80,0
27.953,0,0,0,0,80,0
28.002,0,0,0,0,80,0
28.046,0,0,0,0,80,0
28.104,0,0,0,0,80,0
28.157,0,0,0,0,80,0
28.209,0,0,0,0,80,0
28.262,0,0,0,0,80,0
28.313,0,0,0,0,80,0
28.361,0,0,0,0,80,0
28.412,0,0,0,0,80,0
28.452,0,0,0,0,80,0
28.462,0,0,0,0,80,0
28.479,0,0,0,0,80,0
28.519,0,0,0,0,80,0
28.570,0,0,0,0,80,0
28.612,0,0,0,0,80,0
28.655,0,0,0,0,80,0
28.673,0,0,0,0,80,0
28.685,0,0,0,0,80,0
28.729,0,0,0,0,80,0
28.780,0,0,0,0,80,0
28.824,0,0,0,0,80,0
28.870,0,0,0,0,80,0
28.884,0,0,0,0,80,0
28.895,0,0,0,0,80,0
28.939,0,0,0,0,80,0
28.996,0,0,0,0,80,0
29.045,0,0,0,0,80,0
29.093,0,0,0,0,80,0
29.157,0,0,0,0,80,0
29.213,0,0,0,0,80,0
29.256,0,0,0,0,80,0
29.302,0,0,0,0,80,0
29.357,0,0,0,0,80,0
29.415,0,0,0,0,80,0
29.473,0,0,0,0,80,0
29.515,0,0,0,0,80,0
29.527,0,0,0,0,80,0
29.576,0,0,0,0,80,0
29.622,0,0,0,0,80,0
29.673,0,0,0,0,80,0
29.719,0,0,0,0,80,0
29.767,0,0,0,0,80,0
29.815,0,0,0,0,80,0
29.831,0,0,0,0,80,0
29.879,0,0,0,0,80,0
29.932,0,0,0,0,80,0
29.987,0,0,0,0,80,0
30.038,0,0,0,0,80,0
30.086,0,0,0,0,80,0
30.134,0,0,0,0,80,0
30.198,0,0,0,0,80,0
30.242,0,0,0,0,70,0
30.286,0,0,0,0,70,0
30.327,0,0,0,0,70,0
30.375,0,0,0,0,70,0
30.417,0,0,0,0,70,0
30.466,0,0,0,0,70,0
30.516,0,0,0,0,70,0
30.564,0,0,0,0,80,0
30.611,0,0,0,0,80,0
30.628,0,0,0,0,80,0
30.676,0,0,0,0,80,0
30.723,0,0,0,0,80,0
30.771,0,0,0,0,80,0
30.819,0,0,0,0,80,0
30.866,0,0,0,0,80,0
30.930,0,0,0,0,80,0
30.989,0,0,0,0,80,0
31.042,0,0,0,0,80,0
31.090,0,0,0,0,80,0
31.148,0,0,0,0,80,0
31.196,0,0,0,0,80,0
31.234,0,0,0,0,80,0
31.282,0,0,0,0,80,0
31.329,0,0,0,0,80,0
31.388,0,0,0,0,80,0
31.425,0,0,0,0,80,0
31.464,0,0,0,0,80,0
31.489,0,0,0,0,80,0
31.505,0,0,0,0,80,0
31.553,0,0,0,0,80,0
31.600,0,0,0,0,80,0
31.649,0,0,0,0,80,0
31.709,0,0,0,0,80,0
31.759,0,0,0,0,80,0
31.806,0,0,0,0,80,0
31.838,0,0,0,0,80,0
31.847,0,0,0,0,80,0
31.862,0,0,0,0,80,0
31.928,0,0,0,0,80,0
31.964,0,0,0,0,80,0
32.015,0,0,0,0,80,0
32.062,0,0,0,0,80,0
32.092,0,0,0,0,80,0
32.134,0,0,0,0,80,0
32.192,0,0,0,0,80,0
32.247,0,0,0,0,80,0
32.299,0,0,0,0,80,0
32.350,0,0,0,0,80,0
32.401,0,0,0,0,80,0
32.434,0,0,0,0,80,0
32.450,0,0,0,0,80,0
32.463,0,0,0,0,80,0
32.474,0,0,0,0,80,0
32.531,0,0,0,0,80,0
32.578,0,0,0,0,80,0
32.614,0,0,0,0,80,0
32.648,0,0,0,0,80,0
32.666,0,0,0,0,80,0
32.682,0,0,0,0,80,0
32.735,0,0,0,0,80,0
32.788,0,0,0,0,80,0
32.837,0,0,0,0,80,0
32.884,0,0,0,0,80,0
32.932,0,0,0,0,80,0
32.996,0,0,0,0,80,0
33.052,0,0,0,0,80,0
33.116,0,0,0,0,80,0
33.148,0,0,0,0,80,0
33.205,0,0,0,0,80,0
34.472,0,0,0,0,70,0
34.496,0,0,0,0,70,0
34.512,0,0,0,0,70,0
34.528,0,0,0,0,70,0
34.544,0,0,0,0,70,0
34.560,0,0,0,0,70,0
34.576,0,0,0,0,70,0
34.593,0,0,0,0,70,0
34.608,0,0,0,0,70,0
34.624,0,0,0,0,70,0
34.633,0,0,0,0,70,0
34.649,0,0,0,0,70,0
34.665,0,0,0,0,70,0
34.681,0,0,0,0,70,0
34.696,0,0,0,0,70,0
34.713,0,0,0,0,70,0
34.729,0,0,0,0,70,0
34.745,0,0,0,0,70,0
34.761,0,0,0,0,70,0
34.777,0,0,0,0,70,0
34.793,0,0,0,0,70,0
34.808,0,0,0,0,70,0
34.824,0,0,0,0,70,0
34.841,0,0,0,0,70,0
34.865,0,0,0,0,70,0
34.881,0,0,0,0,70,0
34.897,0,0,0,0,70,0
34.913,0,0,0,0,70,0
34.928,0,0,0,0,70,0
34.946,0,0,0,0,70,0
34.960,0,0,0,0,70,0
34.978,0,0,0,0,70,0
34.992,0,0,0,0,70,0
35.008,0,0,0,0,70,0
35.024,0,0,0,0,70,0
35.040,0,0,0,0,70,0
35.057,0,0,0,0,70,0
35.073,0,0,0,0,70,0
35.089,0,0,40,0,70,0
35.105,0,0,40,0,70,0
35.121,0,0,40,0,70,0
35.126,0,0,40,0,70,0
35.153,0,0,40,0,70,0
35.169,0,0,40,0,70,0
35.185,0,0,40,0,70,0
35.201,0,0,40,0,70,0
35.217,0,0,40,0,70,0
35.223,0,0,40,0,70,0
35.248,0,0,40,0,70,0
35.264,0,0,40,0,70,0
35.282,0,0,40,0,70,0
35.296,0,0,40,0,70,0
35.310,0,0,40,0,70,0
35.327,0,0,40,0,70,0
35.343,0,0,40,0,70,0
35.359,0,0,40,0,70,0
35.375,0,0,40,0,70,0
35.391,0,0,40,0,70,0
35.407,0,0,40,0,70,0
35.423,0,0,40,0,70,0
35.439,0,0,40,0,70,0
35.454,0,0,40,0,70,0
35.470,0,0,40,0,70,0
35.486,0,0,40,0,70,0
35.502,0,0,40,0,70,0
35.519,0,0,40,0,70,0
35.535,0,0,40,0,70,0
35.550,0,0,40,0,70,0
35.567,0,0,40,0,70,0
35.583,0,0,40,0,70,0
35.599,0,0,40,0,70,0
35.615,0,0,40,0,70,0
35.632,0,0,40,0,70,0
35.646,0,0,40,0,70,0
35.651,0,0,40,0,70,0
35.663,0,0,40,0,70,0
35.679,0,0,40,0,70,0
35.691,0,0,40,0,70,0
35.712,0,0,40,0,70,0
35.727,0,0,40,0,70,0
35.743,0,0,40,0,70,0
35.759,0,0,40,0,70,0
35.776,0,0,40,0,70,0
35.792,0,0,40,0,70,0
35.797,0,0,40,0,70,0
35.824,0,0,40,0,70,0
35.840,0,0,40,0,70,0
35.856,0,0,40,0,70,0
35.872,0,0,40,0,70,0
35.888,0,0,40,0,70,0
35.894,0,0,40,0,70,0
35.904,0,0,40,0,70,0
35.920,0,0,40,0,70,0
35.932,0,0,40,0,70,0
35.952,0,0,40,0,80,0
35.957,0,0,40,0,80,0
35.984,0,0,40,0,80,0
35.989,0,0,40,0,80,0
36.000,0,0,40,0,80,0
36.016,0,0,40,0,80,0
36.022,0,0,40,0,80,0
36.032,0,0,40,0,80,0
36.048,0,0,40,0,80,0
36.059,0,0,40,0,80,0
36.080,0,0,40,0,80,0
36.095,0,0,40,0,80,0
36.112,0,0,40,0,80,0
36.116,0,0,40,0,80,0
36.144,0,0,40,0,80,0
36.156,0,0,40,0,80,0
36.176,0,0,40,0,80,0
36.192,0,0,40,0,80,0
36.208,0,0,40,0,80,0
36.225,0,0,40,0,80,0
36.237,0,0,40,0,80,0
36.243,0,0,40,0,80,0
36.256,0,0,40,0,80,0
36.272,0,0,40,0,80,0
36.288,0,0,40,0,80,0
36.304,0,0,40,0,80,0
36.320,0,0,40,0,80,0
36.336,0,0,40,0,80,0
36.352,0,0,40,0,80,0
36.367,0,0,40,0,80,0
36.384,0,0,40,0,90,0
36.399,0,0,40,0,90,0
36.416,0,0,40,0,90,0
36.432,0,0,40,0,90,0
36.447,0,0,40,0,90,0
36.452,0,0,40,0,90,0
36.464,0,0,40,0,90,0
36.480,0,0,40,0,90,0
36.485,0,0,40,0,90,0
36.496,0,0,40,0,90,0
36.512,0,0,40,0,90,0
36.517,0,0,40,0,90,0
36.527,0,0,40,0,90,0
36.543,0,0,40,0,90,0
36.549,0,0,40,0,90,0
36.575,0,0,40,0,90,0
36.591,0,0,40,0,90,0
36.607,0,0,40,0,90,0
36.623,0,0,40,0,90,0
36.639,0,0,40,0,90,0
36.657,0,0,40,0,90,0
36.670,0,0,40,0,90,0
36.682,0,0,40,0,90,0
36.703,0,0,40,0,90,0
36.719,0,0,40,0,90,0
36.735,0,0,40,0,90,0
36.750,0,0,40,0,90,0
36.763,0,0,40,0,90,0
36.782,0,0,40,0,90,0
36.798,0,0,40,0,90,0
36.814,0,0,40,0,90,0
36.830,0,0,40,0,100,0
36.846,0,0,40,0,100,0
36.862,0,0,40,0,100,0
36.878,0,0,40,0,100,0
36.883,0,0,40,0,100,0
36.894,0,0,40,0,100,0
36.910,0,0,40,0,100,0
36.915,0,0,40,0,100,0
36.942,0,0,40,0,100,0
36.954,0,0,40,0,100,0
36.974,0,0,40,0,100,0
36.979,0,0,40,0,100,0
36.990,0,0,40,0,100,0
37.006,0,0,40,0,100,0
37.012,0,0,40,0,100,0
37.022,0,0,40,0,100,0
37.038,0,0,40,0,100,0
37.052,0,0,40,0,100,0
37.061,0,0,40,0,110,0
37.085,0,0,40,0,110,0
37.091,0,0,40,0,110,0
37.117,0,0,40,0,110,0
37.133,0,0,40,0,110,0
37.140,0,0,40,0,110,0
37.158,0,0,40,0,110,0
37.165,0,0,40,0,110,0
37.180,0,0,40,0,110,0
37.186,0,0,40,0,110,0
37.212,0,0,40,0,110,0
37.224,0,0,40,0,110,0
37.244,0,0,40,0,110,0
37.260,0,0,40,0,110,0
37.276,0,0,40,0,120,0
37.286,0,0,40,0,120,0
37.308,0,0,40,0,120,0
37.324,0,0,40,0,120,0
37.342,0,0,40,0,120,0
37.353,0,0,40,0,120,0
37.371,0,0,40,0,120,0
37.376,0,0,40,0,120,0
37.387,0,0,40,0,120,0
37.403,0,0,40,0,120,0
37.419,0,0,40,0,120,0
37.435,0,0,40,0,120,0
37.440,0,0,40,0,120,0
37.451,0,0,40,0,120,0
37.467,0,0,40,0,120,0
37.473,0,0,40,0,120,0
37.488,0,0,40,0,120,0
37.501,0,0,40,0,130,0
37.515,0,0,40,0,130,0
37.531,0,0,40,0,130,0
37.547,0,0,40,0,130,0
37.563,0,0,40,0,130,0
37.574,0,0,40,0,130,0
37.587,0,0,40,0,130,0
37.595,0,0,40,0,130,0
37.611,0,0,40,0,130,0
37.626,0,0,40,0,130,0
37.642,0,0,40,0,130,0
37.658,0,0,40,0,130,0
37.663,0,0,40,0,130,0
37.675,0,0,40,0,130,0
37.690,0,0,40,0,130,0
37.701,0,0,40,0,130,0
37.708,0,0,40,0,130,0
37.722,0,0,40,0,130,0
37.738,0,0,40,0,130,0
37.754,0,0,40,0,130,0
37.770,0,0,40,0,130,0
37.786,0,0,40,0,130,0
37.802,0,0,40,0,130,0
37.807,0,0,40,0,130,0
37.818,0,0,40,0,130,0
37.834,0,0,40,0,140,0
37.840,0,0,40,0,140,0
37.850,0,0,40,0,140,0
37.866,0,0,40,0,140,0
37.878,0,0,40,0,140,0
37.883,0,0,40,0,140,0
37.897,0,0,40,0,140,0
37.902,0,0,40,0,140,0
37.913,0,0,40,0,140,0
37.929,0,0,40,0,140,0
37.945,0,0,40,0,140,0
37.961,0,0,40,0,140,0
37.977,0,0,40,0,140,0
38.009,0,0,40,0,140,0
38.025,0,0,40,0,140,0
38.034,0,0,40,0,140,0
38.049,0,0,40,0,150,0
38.062,0,0,40,0,150,0
38.067,0,0,40,0,150,0
38.081,0,0,40,0,150,0
38.097,0,0,40,0,150,0
38.102,0,0,40,0,150,0
38.129,0,0,40,0,150,0
38.136,0,0,40,0,150,0
38.162,0,0,40,0,150,0
38.172,0,0,40,0,150,0
38.194,0,0,40,0,150,0
38.205,0,0,40,0,150,0
38.226,0,0,40,0,150,0
38.239,0,0,40,0,150,0
38.265,0,0,40,0,150,0
38.282,0,0,40,0,150,0
38.297,0,0,40,0,150,0
38.302,0,0,40,0,150,0
38.313,0,0,40,0,150,0
38.329,0,0,40,0,150,0
38.334,0,0,40,0,150,0
38.345,0,0,40,0,150,0
38.361,0,0,40,0,150,0
38.368,0,0,40,0,150,0
38.377,0,0,40,0,150,0
38.393,0,0,40,0,160,0
38.398,0,0,40,0,160,0
38.409,0,0,40,0,160,0
38.425,0,0,40,0,160,0
38.431,0,0,40,0,160,0
38.440,0,0,40,0,160,0
38.456,0,0,40,0,160,0
38.472,0,0,40,0,160,0
38.488,0,0,40,0,160,0
38.504,0,0,40,0,160,0
38.517,0,0,40,0,160,0
38.536,0,0,40,0,160,0
38.552,0,0,40,0,160,0
38.568,0,0,40,0,160,0
38.584,0,0,40,0,160,0
38.597,0,0,40,0,160,0
38.616,0,0,40,0,160,0
38.621,0,0,40,0,160,0
38.648,0,0,40,0,160,0
38.664,0,0,40,0,160,0
38.680,0,0,0,0,160,0
38.696,0,0,0,0,160,0
38.712,0,0,0,0,160,0
38.728,0,0,0,0,170,0
38.744,0,0,0,0,170,0
38.760,0,0,0,0,170,0
38.776,0,0,0,0,170,0
38.792,0,0,0,0,170,0
38.808,0,0,0,0,170,0
38.824,0,0,0,0,170,0
38.840,0,0,0,0,170,0
38.857,0,0,0,0,170,0
38.873,0,0,0,0,170,0
38.889,0,0,0,0,170,0
38.894,0,0,0,0,170,0
38.907,0,0,0,0,170,0
38.921,0,0,0,0,170,0
38.937,0,0,0,0,170,0
38.953,0,0,0,0,170,0
38.969,0,0,0,0,170,0
38.985,0,0,0,0,170,0
39.001,0,0,0,0,170,0
39.017,0,0,0,0,170,0
39.033,0,0,0,0,170,0
39.041,0,0,0,0,170,0
39.065,0,0,0,0,180,0
39.081,0,0,0,0,180,0
39.096,0,0,0,0,180,0
39.112,0,0,0,0,180,0
39.125,0,0,0,0,180,0
39.144,0,0,0,0,180,0
39.160,0,0,0,0,180,0
39.176,0,0,0,0,180,0
39.204,0,0,0,0,180,0
39.224,0,0,0,0,180,0
39.240,0,0,0,0,180,0
39.256,0,0,0,0,180,0
39.272,0,0,0,0,180,0
39.288,0,0,0,0,180,0
39.304,0,0,0,0,180,0
39.320,0,0,0,0,180,0
39.337,0,0,40,0,180,0
39.368,0,0,40,0,180,0
39.385,0,0,40,0,180,0
39.399,0,0,40,0,180,0
39.415,0,0,40,0,180,0
39.431,0,0,40,0,180,0
39.447,0,0,40,0,180,0
39.463,0,0,40,0,180,0
39.479,0,0,40,0,180,0
39.491,0,0,40,0,180,0
39.511,0,0,40,0,180,0
39.527,0,0,40,0,180,0
39.542,0,0,40,0,180,0
39.567,0,0,40,0,180,0
39.585,0,0,40,0,180,0
39.599,0,0,40,0,180,0
39.615,0,0,40,0,180,0
39.631,0,0,40,0,180,0
39.642,0,0,40,0,180,0
39.662,0,0,40,0,180,0
39.678,0,0,40,0,180,0
39.694,0,0,40,0,180,0
39.710,0,0,40,0,180,0
39.726,0,0,40,0,180,-1
39.742,0,0,40,0,180,-1
39.757,0,0,40,0,180,-1
39.773,0,0,40,0,180,-1
39.778,0,0,40,0,180,-1
39.807,0,0,40,0,180,-1
39.821,0,0,40,0,180,-1
39.837,0,0,40,0,180,-1
39.850,0,0,40,0,180,-1
39.855,0,0,40,0,180,-1
39.870,0,0,40,0,180,-1
39.885,0,0,40,0,180,-1
39.901,0,0,40,0,180,-1
39.917,0,0,40,0,180,-1
39.933,0,0,40,0,180,-1
39.938,0,0,40,0,180,-1
39.957,0,0,40,0,180,-1
39.965,0,0,40,0,180,-1
39.981,0,0,40,0,180,-1
39.997,0,0,40,0,180,-1
40.014,0,0,40,0,180,-1
40.034,0,0,40,0,180,-1
40.045,0,0,40,0,180,-1
40.060,0,0,40,0,180,-1
40.073,0,0,40,0,180,-1
40.079,0,0,40,0,180,-1
40.108,0,0,40,0,180,-1
40.113,0,0,40,0,180,-1
40.124,0,0,40,0,180,-1
40.143,0,0,40,0,180,-1
40.148,0,0,40,0,180,-1
40.173,0,0,40,0,180,0
40.178,0,0,40,0,180,0
40.189,0,0,40,0,180,0
40.205,0,0,40,0,180,0
40.210,0,0,40,0,180,0
40.221,0,0,40,0,180,0
40.237,0,0,40,0,180,0
40.248,0,0,40,0,180,0
40.269,0,0,40,0,180,0
40.285,0,0,40,0,180,0
40.301,0,0,40,0,180,0
40.318,0,0,40,0,180,0
40.332,0,0,40,0,180,0
40.348,0,0,40,0,180,0
40.357,0,0,40,0,180,0
40.379,0,0,40,0,190,0
40.395,0,0,40,0,190,0
40.411,0,0,40,0,190,0
40.422,0,0,40,0,190,0
40.443,0,0,40,0,190,0
40.459,0,0,40,0,190,0
40.477,0,0,40,0,190,0
40.490,0,0,40,0,190,0
40.506,0,0,40,0,190,0
40.517,0,0,40,0,190,0
40.538,0,0,40,0,190,0
40.543,0,0,40,0,190,0
40.569,0,0,40,0,190,0
40.586,0,0,40,0,190,0
40.601,0,0,40,0,190,0
40.617,0,0,40,0,190,0
40.628,0,0,40,0,190,0
40.649,0,0,40,0,190,0
40.663,0,0,40,0,190,0
40.681,0,0,40,0,190,0
40.691,0,0,40,0,190,0
40.713,0,0,40,0,200,0
40.729,0,0,40,0,200,0
40.742,0,0,40,0,200,0
40.760,0,0,40,0,200,0
40.776,0,0,40,0,200,0
40.792,0,0,40,0,200,0
40.802,0,0,40,0,200,0
40.811,0,0,40,0,200,0
40.825,0,0,40,0,200,0
40.841,0,0,40,0,200,0
40.856,0,0,40,0,200,0
40.869,0,0,40,0,200,0
40.874,0,0,40,0,200,0
40.888,0,0,40,0,200,0
40.904,0,0,40,0,200,0
40.920,0,0,40,0,200,0
40.936,0,0,40,0,210,0
40.942,0,0,40,0,210,0
40.952,0,0,40,0,210,0
40.968,0,0,40,0,210,0
40.973,0,0,40,0,210,0
40.984,0,0,0,0,210,0
40.991,0,0,0,0,210,0
41.016,0,0,0,0,210,0
41.032,0,0,0,0,210,0
41.048,0,0,0,0,210,0
41.064,0,0,0,0,210,0
41.079,0,0,0,0,210,0
41.095,0,0,0,0,210,0
41.111,0,0,0,0,210,0
41.128,0,0,0,0,210,0
41.144,0,0,0,0,210,0
41.160,0,0,0,0,210,0
41.176,0,0,0,0,210,0
41.191,0,0,0,0,210,0
41.207,0,0,0,0,210,0
41.223,0,0,0,0,210,0
41.239,0,0,0,0,210,0
41.257,0,0,0,0,210,0
41.271,0,0,0,0,220,0
41.287,0,0,0,0,220,0
41.303,0,0,0,0,220,0
47.548,0,0,0,0,40,0
47.553,0,0,0,0,40,0
47.563,0,0,0,0,40,0
47.585,0,0,0,0,40,0
47.601,0,0,0,0,40,0
47.619,0,0,0,0,40,0
47.633,0,0,0,0,40,0
47.649,0,0,0,0,40,0
47.664,0,0,0,0,0,0
47.680,0,0,0,0,0,0
47.696,0,0,0,0,0,0
47.712,0,0,0,0,0,0
47.728,0,0,0,0,0,0
47.744,0,0,0,0,0,0
47.760,0,0,0,0,0,0
47.773,0,0,0,0,0,0
47.792,0,0,0,0,0,0
47.808,0,0,0,0,0,0
47.823,0,0,0,0,0,0
47.839,0,0,0,0,0,0
47.855,0,0,0,0,0,0
47.871,0,0,0,0,0,0
47.887,0,0,0,0,0,0
47.902,0,0,0,0,0,0
47.919,0,0,0,0,0,0
47.934,0,0,0,0,0,0
47.939,0,0,0,0,0,0
47.956,0,0,0,0,0,0
47.976,0,0,0,0,0,0
47.986,0,0,0,0,0,0
48.014,0,0,0,0,0,0
48.030,0,0,0,0,0,0
48.046,0,0,0,0,0,0
48.061,0,0,0,0,0,0
48.079,0,0,0,0,0,0
48.094,0,0,0,0,0,0
48.109,0,0,0,0,0,0
48.125,0,0,0,0,0,0
48.135,0,0,0,0,0,0
48.157,0,0,0,0,0,0
48.172,0,0,0,0,0,0
48.188,0,0,0,0,0,0
48.204,0,0,0,0,0,0
48.220,0,0,0,0,0,0
48.236,0,0,0,0,0,0
48.251,0,0,0,0,0,0
48.267,0,0,0,0,0,0
48.283,0,0,0,0,0,0
48.299,0,0,0,0,0,0
48.314,0,0,0,0,0,0
48.331,0,0,0,0,0,0
48.346,0,0,0,0,0,0
48.362,0,0,0,0,0,0
48.378,0,0,0,0,0,0
48.394,0,0,0,0,0,0
48.410,0,0,0,0,0,0
48.426,0,0,0,0,0,0
48.442,0,0,0,0,0,0
48.458,0,0,0,0,0,0
48.466,0,0,0,0,0,0
48.489,0,0,0,0,0,0
48.505,0,0,0,0,0,0
48.521,0,0,0,0,0,0
48.537,0,0,0,0,0,0
48.553,0,0,0,0,0,0
48.569,0,0,0,0,0,0
48.585,0,0,0,0,0,0
48.601,0,0,0,0,0,0
